--
-- PostgreSQL database dump
--

-- Dumped from database version 10.5
-- Dumped by pg_dump version 10.5

SET statement_timeout = 0;
SET lock_timeout = 0;
SET idle_in_transaction_session_timeout = 0;
SET client_encoding = 'UTF8';
SET standard_conforming_strings = on;
SELECT pg_catalog.set_config('search_path', '', false);
SET check_function_bodies = false;
SET client_min_messages = warning;
SET row_security = off;

--
-- Name: plpgsql; Type: EXTENSION; Schema: -; Owner: 
--

CREATE EXTENSION IF NOT EXISTS plpgsql WITH SCHEMA pg_catalog;


--
-- Name: EXTENSION plpgsql; Type: COMMENT; Schema: -; Owner: 
--

COMMENT ON EXTENSION plpgsql IS 'PL/pgSQL procedural language';


SET default_tablespace = '';

SET default_with_oids = false;

--
-- Name: ar_internal_metadata; Type: TABLE; Schema: public; Owner: christophercahill
--

CREATE TABLE public.ar_internal_metadata (
    key character varying NOT NULL,
    value character varying,
    created_at timestamp without time zone NOT NULL,
    updated_at timestamp without time zone NOT NULL
);


ALTER TABLE public.ar_internal_metadata OWNER TO christophercahill;

--
-- Name: products; Type: TABLE; Schema: public; Owner: christophercahill
--

CREATE TABLE public.products (
    id bigint NOT NULL,
    name character varying,
    cost double precision,
    country character varying,
    created_at timestamp without time zone NOT NULL,
    updated_at timestamp without time zone NOT NULL
);


ALTER TABLE public.products OWNER TO christophercahill;

--
-- Name: products_id_seq; Type: SEQUENCE; Schema: public; Owner: christophercahill
--

CREATE SEQUENCE public.products_id_seq
    START WITH 1
    INCREMENT BY 1
    NO MINVALUE
    NO MAXVALUE
    CACHE 1;


ALTER TABLE public.products_id_seq OWNER TO christophercahill;

--
-- Name: products_id_seq; Type: SEQUENCE OWNED BY; Schema: public; Owner: christophercahill
--

ALTER SEQUENCE public.products_id_seq OWNED BY public.products.id;


--
-- Name: reviews; Type: TABLE; Schema: public; Owner: christophercahill
--

CREATE TABLE public.reviews (
    id bigint NOT NULL,
    author_name character varying,
    author_id integer,
    rating double precision,
    created_at timestamp without time zone NOT NULL,
    updated_at timestamp without time zone NOT NULL,
    review_text character varying,
    product_id integer
);


ALTER TABLE public.reviews OWNER TO christophercahill;

--
-- Name: reviews_id_seq; Type: SEQUENCE; Schema: public; Owner: christophercahill
--

CREATE SEQUENCE public.reviews_id_seq
    START WITH 1
    INCREMENT BY 1
    NO MINVALUE
    NO MAXVALUE
    CACHE 1;


ALTER TABLE public.reviews_id_seq OWNER TO christophercahill;

--
-- Name: reviews_id_seq; Type: SEQUENCE OWNED BY; Schema: public; Owner: christophercahill
--

ALTER SEQUENCE public.reviews_id_seq OWNED BY public.reviews.id;


--
-- Name: schema_migrations; Type: TABLE; Schema: public; Owner: christophercahill
--

CREATE TABLE public.schema_migrations (
    version character varying NOT NULL
);


ALTER TABLE public.schema_migrations OWNER TO christophercahill;

--
-- Name: products id; Type: DEFAULT; Schema: public; Owner: christophercahill
--

ALTER TABLE ONLY public.products ALTER COLUMN id SET DEFAULT nextval('public.products_id_seq'::regclass);


--
-- Name: reviews id; Type: DEFAULT; Schema: public; Owner: christophercahill
--

ALTER TABLE ONLY public.reviews ALTER COLUMN id SET DEFAULT nextval('public.reviews_id_seq'::regclass);


--
-- Data for Name: ar_internal_metadata; Type: TABLE DATA; Schema: public; Owner: christophercahill
--

COPY public.ar_internal_metadata (key, value, created_at, updated_at) FROM stdin;
environment	development	2018-12-15 00:43:34.906145	2018-12-15 00:43:34.906145
\.


--
-- Data for Name: products; Type: TABLE DATA; Schema: public; Owner: christophercahill
--

COPY public.products (id, name, cost, country, created_at, updated_at) FROM stdin;
1	Gorgias	21.2100000000000009	Suriname	2018-12-15 00:43:56.371565	2018-12-15 00:43:56.371565
2	Zeno of Elea	94.1700000000000017	New Caledonia	2018-12-15 00:43:56.377384	2018-12-15 00:43:56.377384
3	Thucydides	74.6800000000000068	Belize	2018-12-15 00:43:56.379745	2018-12-15 00:43:56.379745
4	Posidonius	22.0300000000000011	Jordan	2018-12-15 00:43:56.382336	2018-12-15 00:43:56.382336
5	Hippocrates	25.4499999999999993	Cyprus	2018-12-15 00:43:56.384639	2018-12-15 00:43:56.384639
6	Chrysippus	98.769999999999996	Anguilla	2018-12-15 00:43:56.386923	2018-12-15 00:43:56.386923
7	Aristotle	76.3400000000000034	Guam	2018-12-15 00:43:56.389426	2018-12-15 00:43:56.389426
8	Posidonius	75.5499999999999972	Venezuela	2018-12-15 00:43:56.391799	2018-12-15 00:43:56.391799
9	Thucydides	30.4200000000000017	Falkland Islands (Malvinas)	2018-12-15 00:43:56.393998	2018-12-15 00:43:56.393998
10	Aristotle	19.9200000000000017	Cote d'Ivoire	2018-12-15 00:43:56.396163	2018-12-15 00:43:56.396163
11	Pythagoras	74.6299999999999955	Vietnam	2018-12-15 00:43:56.400598	2018-12-15 00:43:56.400598
12	Chrysippus	34.8299999999999983	Bangladesh	2018-12-15 00:43:56.404002	2018-12-15 00:43:56.404002
13	Zeno of Elea	30.4299999999999997	Maldives	2018-12-15 00:43:56.407527	2018-12-15 00:43:56.407527
14	Posidonius	21.3099999999999987	Luxembourg	2018-12-15 00:43:56.410491	2018-12-15 00:43:56.410491
15	Gorgias	70.3799999999999955	Spain	2018-12-15 00:43:56.413264	2018-12-15 00:43:56.413264
16	Antisthenes	45.5799999999999983	Luxembourg	2018-12-15 00:43:56.416164	2018-12-15 00:43:56.416164
17	Hippocrates	38.1400000000000006	Samoa	2018-12-15 00:43:56.419059	2018-12-15 00:43:56.419059
18	Galen	39.4799999999999969	Antigua and Barbuda	2018-12-15 00:43:56.422034	2018-12-15 00:43:56.422034
19	Anaxagoras	50.490000000000002	Sudan	2018-12-15 00:43:56.42444	2018-12-15 00:43:56.42444
20	Posidonius	50.6700000000000017	Slovenia	2018-12-15 00:43:56.426677	2018-12-15 00:43:56.426677
21	Thucydides	77.8799999999999955	Latvia	2018-12-15 00:43:56.429038	2018-12-15 00:43:56.429038
22	Proclus	34.6499999999999986	Dominican Republic	2018-12-15 00:43:56.43141	2018-12-15 00:43:56.43141
23	Zeno of Elea	89.2600000000000051	Switzerland	2018-12-15 00:43:56.434781	2018-12-15 00:43:56.434781
24	Diogenes	94.6700000000000017	Panama	2018-12-15 00:43:56.437007	2018-12-15 00:43:56.437007
25	Anaxagoras	57.4500000000000028	Turkmenistan	2018-12-15 00:43:56.442371	2018-12-15 00:43:56.442371
26	Zeno of Elea	39.3699999999999974	Dominica	2018-12-15 00:43:56.446024	2018-12-15 00:43:56.446024
27	Anaxagoras	62.7299999999999969	Western Sahara	2018-12-15 00:43:56.448632	2018-12-15 00:43:56.448632
28	Solon	27.8500000000000014	Palau	2018-12-15 00:43:56.450967	2018-12-15 00:43:56.450967
29	Plato	66.8100000000000023	Iceland	2018-12-15 00:43:56.459673	2018-12-15 00:43:56.459673
30	Pythagoras	98.8400000000000034	Iraq	2018-12-15 00:43:56.462241	2018-12-15 00:43:56.462241
31	Plutarch	69.1299999999999955	Uruguay	2018-12-15 00:43:56.464644	2018-12-15 00:43:56.464644
32	Posidonius	66.75	India	2018-12-15 00:43:56.466962	2018-12-15 00:43:56.466962
33	Anaxagoras	56.9299999999999997	Guernsey	2018-12-15 00:43:56.470686	2018-12-15 00:43:56.470686
34	Aristotle	79.4599999999999937	San Marino	2018-12-15 00:43:56.472745	2018-12-15 00:43:56.472745
35	Plutarch	13.3599999999999994	Central African Republic	2018-12-15 00:43:56.474777	2018-12-15 00:43:56.474777
36	Plutarch	40.259999999999998	Ethiopia	2018-12-15 00:43:56.47726	2018-12-15 00:43:56.47726
37	Zeno of Elea	50.7100000000000009	Mauritius	2018-12-15 00:43:56.479457	2018-12-15 00:43:56.479457
38	Proclus	24.0300000000000011	Northern Mariana Islands	2018-12-15 00:43:56.481672	2018-12-15 00:43:56.481672
39	Aristotle	20.879999999999999	San Marino	2018-12-15 00:43:56.483977	2018-12-15 00:43:56.483977
40	Posidonius	93.519999999999996	Estonia	2018-12-15 00:43:56.486203	2018-12-15 00:43:56.486203
41	Archimedes	82.769999999999996	Italy	2018-12-15 00:43:56.489315	2018-12-15 00:43:56.489315
42	Zeno of Elea	92.480000000000004	Serbia	2018-12-15 00:43:56.491936	2018-12-15 00:43:56.491936
43	Gorgias	82.2199999999999989	Lao People's Democratic Republic	2018-12-15 00:43:56.495569	2018-12-15 00:43:56.495569
44	Parmenides	54.3200000000000003	Congo	2018-12-15 00:43:56.498052	2018-12-15 00:43:56.498052
45	Diogenes	32.6199999999999974	Romania	2018-12-15 00:43:56.500659	2018-12-15 00:43:56.500659
46	Proclus	31.6799999999999997	San Marino	2018-12-15 00:43:56.503265	2018-12-15 00:43:56.503265
47	Anaxagoras	57.75	Morocco	2018-12-15 00:43:56.505706	2018-12-15 00:43:56.505706
48	Gorgias	60.2800000000000011	Aruba	2018-12-15 00:43:56.50818	2018-12-15 00:43:56.50818
49	Diogenes	28.379999999999999	Bhutan	2018-12-15 00:43:56.510557	2018-12-15 00:43:56.510557
50	Diogenes	45.4099999999999966	Saint Vincent and the Grenadines	2018-12-15 00:43:56.514865	2018-12-15 00:43:56.514865
51	Solon	66.9300000000000068	Sierra Leone	2018-12-15 00:43:56.517562	2018-12-15 00:43:56.517562
52	Heraclitus	84.4599999999999937	Bermuda	2018-12-15 00:43:56.521586	2018-12-15 00:43:56.521586
53	Aristotle	62.509999999999998	Bouvet Island (Bouvetoya)	2018-12-15 00:43:56.525041	2018-12-15 00:43:56.525041
54	Posidonius	27.3599999999999994	China	2018-12-15 00:43:56.53282	2018-12-15 00:43:56.53282
55	Aristotle	27.9899999999999984	British Indian Ocean Territory (Chagos Archipelago)	2018-12-15 00:43:56.537878	2018-12-15 00:43:56.537878
56	Plato	40.8599999999999994	Papua New Guinea	2018-12-15 00:43:56.542011	2018-12-15 00:43:56.542011
57	Hippocrates	46.3400000000000034	Tanzania	2018-12-15 00:43:56.546881	2018-12-15 00:43:56.546881
58	Solon	46.9399999999999977	Romania	2018-12-15 00:43:56.550575	2018-12-15 00:43:56.550575
59	Democritus	73.6800000000000068	Venezuela	2018-12-15 00:43:56.554752	2018-12-15 00:43:56.554752
60	Galen	87.3400000000000034	Slovakia (Slovak Republic)	2018-12-15 00:43:56.557381	2018-12-15 00:43:56.557381
61	Thucydides	93.6800000000000068	Zambia	2018-12-15 00:43:56.560882	2018-12-15 00:43:56.560882
62	Plato	70.8799999999999955	Cuba	2018-12-15 00:43:56.566168	2018-12-15 00:43:56.566168
63	Solon	64.3100000000000023	American Samoa	2018-12-15 00:43:56.56973	2018-12-15 00:43:56.56973
64	Plato	84.730000000000004	Bahrain	2018-12-15 00:43:56.582764	2018-12-15 00:43:56.582764
65	Solon	81.1700000000000017	Niger	2018-12-15 00:43:56.584803	2018-12-15 00:43:56.584803
66	Plutarch	94.0499999999999972	Niue	2018-12-15 00:43:56.587	2018-12-15 00:43:56.587
67	Plato	28.8500000000000014	Timor-Leste	2018-12-15 00:43:56.589013	2018-12-15 00:43:56.589013
68	Pythagoras	75.7900000000000063	Anguilla	2018-12-15 00:43:56.591092	2018-12-15 00:43:56.591092
69	Parmenides	28.4200000000000017	Macedonia	2018-12-15 00:43:56.593149	2018-12-15 00:43:56.593149
70	Pythagoras	72.3599999999999994	Wallis and Futuna	2018-12-15 00:43:56.595175	2018-12-15 00:43:56.595175
71	Parmenides	92.9500000000000028	Libyan Arab Jamahiriya	2018-12-15 00:43:56.597469	2018-12-15 00:43:56.597469
72	Chrysippus	96.269999999999996	Kenya	2018-12-15 00:43:56.599553	2018-12-15 00:43:56.599553
73	Epicurus	80.8700000000000045	Malta	2018-12-15 00:43:56.601725	2018-12-15 00:43:56.601725
74	Posidonius	31.7600000000000016	Mexico	2018-12-15 00:43:56.603711	2018-12-15 00:43:56.603711
75	Parmenides	18.0599999999999987	Australia	2018-12-15 00:43:56.605816	2018-12-15 00:43:56.605816
76	Aristotle	58.3699999999999974	Madagascar	2018-12-15 00:43:56.607871	2018-12-15 00:43:56.607871
77	Antisthenes	89.5100000000000051	Chile	2018-12-15 00:43:56.609898	2018-12-15 00:43:56.609898
78	Aristotle	93.75	Panama	2018-12-15 00:43:56.612092	2018-12-15 00:43:56.612092
79	Diogenes	75.1299999999999955	French Polynesia	2018-12-15 00:43:56.614413	2018-12-15 00:43:56.614413
80	Plato	79.7399999999999949	Gambia	2018-12-15 00:43:56.616457	2018-12-15 00:43:56.616457
81	Diogenes	55.4299999999999997	French Southern Territories	2018-12-15 00:43:56.618548	2018-12-15 00:43:56.618548
82	Anaxagoras	27.9400000000000013	Guernsey	2018-12-15 00:43:56.620661	2018-12-15 00:43:56.620661
83	Posidonius	42.5900000000000034	Bulgaria	2018-12-15 00:43:56.622916	2018-12-15 00:43:56.622916
84	Galen	51.4799999999999969	Trinidad and Tobago	2018-12-15 00:43:56.625088	2018-12-15 00:43:56.625088
85	Thucydides	52.2800000000000011	Tanzania	2018-12-15 00:43:56.627079	2018-12-15 00:43:56.627079
86	Solon	29.7800000000000011	Liberia	2018-12-15 00:43:56.629633	2018-12-15 00:43:56.629633
87	Hippocrates	78.6299999999999955	Morocco	2018-12-15 00:43:56.632177	2018-12-15 00:43:56.632177
88	Gorgias	77.9500000000000028	South Africa	2018-12-15 00:43:56.634383	2018-12-15 00:43:56.634383
89	Arcesilaus	94.8799999999999955	Cameroon	2018-12-15 00:43:56.636325	2018-12-15 00:43:56.636325
90	Plutarch	75.0300000000000011	Monaco	2018-12-15 00:43:56.639065	2018-12-15 00:43:56.639065
91	Aristotle	10.0899999999999999	China	2018-12-15 00:43:56.64129	2018-12-15 00:43:56.64129
92	Diogenes	32.4299999999999997	Serbia	2018-12-15 00:43:56.644144	2018-12-15 00:43:56.644144
93	Anaxagoras	57.7899999999999991	Nauru	2018-12-15 00:43:56.647455	2018-12-15 00:43:56.647455
94	Plutarch	94.7800000000000011	Oman	2018-12-15 00:43:56.650252	2018-12-15 00:43:56.650252
95	Gorgias	88.2099999999999937	Reunion	2018-12-15 00:43:56.653692	2018-12-15 00:43:56.653692
96	Archimedes	12.6600000000000001	Guinea	2018-12-15 00:43:56.656007	2018-12-15 00:43:56.656007
97	Thucydides	95.3700000000000045	Belarus	2018-12-15 00:43:56.658242	2018-12-15 00:43:56.658242
98	Proclus	58.2700000000000031	New Caledonia	2018-12-15 00:43:56.660335	2018-12-15 00:43:56.660335
99	Chrysippus	45.8500000000000014	Namibia	2018-12-15 00:43:56.662305	2018-12-15 00:43:56.662305
100	Gorgias	12.9199999999999999	Burkina Faso	2018-12-15 00:43:56.664344	2018-12-15 00:43:56.664344
101	Plutarch	82.5300000000000011	Lebanon	2018-12-15 00:43:56.666486	2018-12-15 00:43:56.666486
102	Zeno of Elea	28.8299999999999983	Brunei Darussalam	2018-12-15 00:43:56.66864	2018-12-15 00:43:56.66864
103	Arcesilaus	73.8599999999999994	France	2018-12-15 00:43:56.67059	2018-12-15 00:43:56.67059
104	Aristotle	66.6200000000000045	Cocos (Keeling) Islands	2018-12-15 00:43:56.672666	2018-12-15 00:43:56.672666
105	Thucydides	74.3400000000000034	Bhutan	2018-12-15 00:43:56.674647	2018-12-15 00:43:56.674647
106	Parmenides	72.019999999999996	San Marino	2018-12-15 00:43:56.676679	2018-12-15 00:43:56.676679
107	Galen	53.7100000000000009	Jersey	2018-12-15 00:43:56.679079	2018-12-15 00:43:56.679079
108	Chrysippus	55.1700000000000017	Lao People's Democratic Republic	2018-12-15 00:43:56.681136	2018-12-15 00:43:56.681136
109	Posidonius	40.8900000000000006	Pakistan	2018-12-15 00:43:56.683689	2018-12-15 00:43:56.683689
110	Epicurus	59.240000000000002	Norfolk Island	2018-12-15 00:43:56.685977	2018-12-15 00:43:56.685977
111	Plutarch	92.3599999999999994	Isle of Man	2018-12-15 00:43:56.688201	2018-12-15 00:43:56.688201
112	Galen	56.5499999999999972	Tajikistan	2018-12-15 00:43:56.690416	2018-12-15 00:43:56.690416
113	Chrysippus	89.9200000000000017	Maldives	2018-12-15 00:43:56.692487	2018-12-15 00:43:56.692487
114	Plutarch	81.7800000000000011	Latvia	2018-12-15 00:43:56.694622	2018-12-15 00:43:56.694622
115	Pythagoras	98.9200000000000017	Vietnam	2018-12-15 00:43:56.696792	2018-12-15 00:43:56.696792
116	Parmenides	26.0899999999999999	Japan	2018-12-15 00:43:56.698756	2018-12-15 00:43:56.698756
117	Zeno of Elea	22.4600000000000009	Thailand	2018-12-15 00:43:56.700611	2018-12-15 00:43:56.700611
118	Heraclitus	85.1899999999999977	Serbia	2018-12-15 00:43:56.703119	2018-12-15 00:43:56.703119
119	Epicurus	12.4700000000000006	Congo	2018-12-15 00:43:56.705141	2018-12-15 00:43:56.705141
120	Plato	39.9200000000000017	Guinea-Bissau	2018-12-15 00:43:56.707187	2018-12-15 00:43:56.707187
121	Epicurus	26.5700000000000003	Monaco	2018-12-15 00:43:56.709517	2018-12-15 00:43:56.709517
122	Solon	41.3699999999999974	Cote d'Ivoire	2018-12-15 00:43:56.711643	2018-12-15 00:43:56.711643
123	Zeno of Elea	81.0600000000000023	Iran	2018-12-15 00:43:56.713846	2018-12-15 00:43:56.713846
124	Arcesilaus	60.1599999999999966	Wallis and Futuna	2018-12-15 00:43:56.715829	2018-12-15 00:43:56.715829
125	Aristotle	41.8500000000000014	Eritrea	2018-12-15 00:43:56.718058	2018-12-15 00:43:56.718058
126	Chrysippus	25.9899999999999984	Sri Lanka	2018-12-15 00:43:56.720341	2018-12-15 00:43:56.720341
127	Galen	63.6499999999999986	Nicaragua	2018-12-15 00:43:56.722402	2018-12-15 00:43:56.722402
128	Plutarch	19.129999999999999	Maldives	2018-12-15 00:43:56.724378	2018-12-15 00:43:56.724378
129	Hippocrates	38.25	Zambia	2018-12-15 00:43:56.72711	2018-12-15 00:43:56.72711
130	Anaxagoras	55.3299999999999983	Mauritius	2018-12-15 00:43:56.729584	2018-12-15 00:43:56.729584
131	Epicurus	67.3199999999999932	Kazakhstan	2018-12-15 00:43:56.731854	2018-12-15 00:43:56.731854
132	Epicurus	65.3400000000000034	Equatorial Guinea	2018-12-15 00:43:56.734296	2018-12-15 00:43:56.734296
133	Archimedes	46.6400000000000006	Barbados	2018-12-15 00:43:56.736792	2018-12-15 00:43:56.736792
134	Hippocrates	44.3599999999999994	Bahrain	2018-12-15 00:43:56.738868	2018-12-15 00:43:56.738868
135	Archimedes	65.4300000000000068	Libyan Arab Jamahiriya	2018-12-15 00:43:56.740858	2018-12-15 00:43:56.740858
136	Chrysippus	32.2100000000000009	Guyana	2018-12-15 00:43:56.743498	2018-12-15 00:43:56.743498
137	Plato	12.3100000000000005	Norfolk Island	2018-12-15 00:43:56.745529	2018-12-15 00:43:56.745529
138	Anaxagoras	59.25	Montenegro	2018-12-15 00:43:56.747954	2018-12-15 00:43:56.747954
139	Plutarch	45.509999999999998	Norway	2018-12-15 00:43:56.750593	2018-12-15 00:43:56.750593
140	Arcesilaus	91.1800000000000068	El Salvador	2018-12-15 00:43:56.752849	2018-12-15 00:43:56.752849
141	Archimedes	35.6899999999999977	Fiji	2018-12-15 00:43:56.754953	2018-12-15 00:43:56.754953
142	Hippocrates	61.2700000000000031	Nigeria	2018-12-15 00:43:56.756962	2018-12-15 00:43:56.756962
143	Chrysippus	31.6400000000000006	Lithuania	2018-12-15 00:43:56.759481	2018-12-15 00:43:56.759481
144	Plutarch	95.9899999999999949	French Polynesia	2018-12-15 00:43:56.7616	2018-12-15 00:43:56.7616
145	Pythagoras	79.8599999999999994	Estonia	2018-12-15 00:43:56.764053	2018-12-15 00:43:56.764053
146	Gorgias	92.1299999999999955	Reunion	2018-12-15 00:43:56.766612	2018-12-15 00:43:56.766612
147	Archimedes	71.9399999999999977	India	2018-12-15 00:43:56.768786	2018-12-15 00:43:56.768786
148	Plutarch	78.4200000000000017	Panama	2018-12-15 00:43:56.770738	2018-12-15 00:43:56.770738
149	Proclus	37.240000000000002	Russian Federation	2018-12-15 00:43:56.772863	2018-12-15 00:43:56.772863
150	Plutarch	44.3299999999999983	New Caledonia	2018-12-15 00:43:56.775471	2018-12-15 00:43:56.775471
151	Arcesilaus	83.3499999999999943	Hungary	2018-12-15 00:43:56.777588	2018-12-15 00:43:56.777588
152	Antisthenes	61.2899999999999991	United Arab Emirates	2018-12-15 00:43:56.779945	2018-12-15 00:43:56.779945
153	Arcesilaus	59.7199999999999989	Swaziland	2018-12-15 00:43:56.782723	2018-12-15 00:43:56.782723
154	Zeno of Elea	43.7700000000000031	Singapore	2018-12-15 00:43:56.784913	2018-12-15 00:43:56.784913
155	Thucydides	12.75	Trinidad and Tobago	2018-12-15 00:43:56.787051	2018-12-15 00:43:56.787051
156	Archimedes	36.8100000000000023	Brazil	2018-12-15 00:43:56.789038	2018-12-15 00:43:56.789038
157	Democritus	33.3900000000000006	Venezuela	2018-12-15 00:43:56.79146	2018-12-15 00:43:56.79146
158	Archimedes	36.6099999999999994	Isle of Man	2018-12-15 00:43:56.794043	2018-12-15 00:43:56.794043
159	Proclus	72.8799999999999955	Saint Martin	2018-12-15 00:43:56.796234	2018-12-15 00:43:56.796234
160	Galen	80.7600000000000051	Cocos (Keeling) Islands	2018-12-15 00:43:56.799069	2018-12-15 00:43:56.799069
161	Antisthenes	26.4600000000000009	Micronesia	2018-12-15 00:43:56.801534	2018-12-15 00:43:56.801534
162	Plato	18.2800000000000011	Spain	2018-12-15 00:43:56.804291	2018-12-15 00:43:56.804291
163	Arcesilaus	30.8200000000000003	Virgin Islands, British	2018-12-15 00:43:56.80684	2018-12-15 00:43:56.80684
164	Parmenides	33.1300000000000026	Grenada	2018-12-15 00:43:56.809648	2018-12-15 00:43:56.809648
165	Solon	63.9699999999999989	Luxembourg	2018-12-15 00:43:56.811588	2018-12-15 00:43:56.811588
166	Antisthenes	13.0299999999999994	Vietnam	2018-12-15 00:43:56.814626	2018-12-15 00:43:56.814626
167	Hippocrates	95.3400000000000034	Ireland	2018-12-15 00:43:56.816935	2018-12-15 00:43:56.816935
168	Aristotle	55.2299999999999969	Sierra Leone	2018-12-15 00:43:56.819208	2018-12-15 00:43:56.819208
169	Thucydides	65.8900000000000006	Qatar	2018-12-15 00:43:56.821473	2018-12-15 00:43:56.821473
170	Epicurus	50.3599999999999994	Malawi	2018-12-15 00:43:56.824211	2018-12-15 00:43:56.824211
171	Aristotle	16.3399999999999999	Sudan	2018-12-15 00:43:56.82633	2018-12-15 00:43:56.82633
172	Plato	61.6199999999999974	Seychelles	2018-12-15 00:43:56.828375	2018-12-15 00:43:56.828375
173	Posidonius	55.7800000000000011	Bangladesh	2018-12-15 00:43:56.831406	2018-12-15 00:43:56.831406
174	Aristotle	32.2800000000000011	United States of America	2018-12-15 00:43:56.834113	2018-12-15 00:43:56.834113
175	Solon	55.4099999999999966	United Kingdom	2018-12-15 00:43:56.836261	2018-12-15 00:43:56.836261
176	Posidonius	54.5300000000000011	French Polynesia	2018-12-15 00:43:56.838886	2018-12-15 00:43:56.838886
177	Aristotle	28.4699999999999989	Bhutan	2018-12-15 00:43:56.84113	2018-12-15 00:43:56.84113
178	Posidonius	95.769999999999996	Burundi	2018-12-15 00:43:56.843171	2018-12-15 00:43:56.843171
179	Parmenides	80.3900000000000006	South Georgia and the South Sandwich Islands	2018-12-15 00:43:56.84531	2018-12-15 00:43:56.84531
180	Parmenides	57.4200000000000017	Saint Vincent and the Grenadines	2018-12-15 00:43:56.848278	2018-12-15 00:43:56.848278
181	Plutarch	78.7900000000000063	Guyana	2018-12-15 00:43:56.850797	2018-12-15 00:43:56.850797
182	Pythagoras	29.6799999999999997	Bhutan	2018-12-15 00:43:56.852843	2018-12-15 00:43:56.852843
183	Plutarch	47.2100000000000009	Costa Rica	2018-12-15 00:43:56.855808	2018-12-15 00:43:56.855808
184	Pythagoras	89.6099999999999994	Mozambique	2018-12-15 00:43:56.858298	2018-12-15 00:43:56.858298
185	Thucydides	24.7399999999999984	Syrian Arab Republic	2018-12-15 00:43:56.860298	2018-12-15 00:43:56.860298
186	Zeno of Elea	23.1600000000000001	Solomon Islands	2018-12-15 00:43:56.863078	2018-12-15 00:43:56.863078
187	Archimedes	58.1400000000000006	Uruguay	2018-12-15 00:43:56.865511	2018-12-15 00:43:56.865511
188	Heraclitus	73.5699999999999932	Virgin Islands, British	2018-12-15 00:43:56.867572	2018-12-15 00:43:56.867572
189	Heraclitus	49.2700000000000031	Honduras	2018-12-15 00:43:56.869816	2018-12-15 00:43:56.869816
190	Plutarch	19.129999999999999	French Polynesia	2018-12-15 00:43:56.872248	2018-12-15 00:43:56.872248
191	Parmenides	87.4099999999999966	India	2018-12-15 00:43:56.874434	2018-12-15 00:43:56.874434
192	Antisthenes	42.4099999999999966	Chile	2018-12-15 00:43:56.876541	2018-12-15 00:43:56.876541
193	Antisthenes	59.009999999999998	Tunisia	2018-12-15 00:43:56.881648	2018-12-15 00:43:56.881648
194	Plutarch	84.4599999999999937	Papua New Guinea	2018-12-15 00:43:56.884131	2018-12-15 00:43:56.884131
195	Pythagoras	38.6400000000000006	Serbia	2018-12-15 00:43:56.886844	2018-12-15 00:43:56.886844
196	Parmenides	29.6900000000000013	Vietnam	2018-12-15 00:43:56.889139	2018-12-15 00:43:56.889139
197	Proclus	96.519999999999996	Turkey	2018-12-15 00:43:56.89147	2018-12-15 00:43:56.89147
198	Aristotle	10.2200000000000006	Libyan Arab Jamahiriya	2018-12-15 00:43:56.893698	2018-12-15 00:43:56.893698
199	Plato	48.4799999999999969	Comoros	2018-12-15 00:43:56.896505	2018-12-15 00:43:56.896505
200	Aristotle	75.1700000000000017	Bulgaria	2018-12-15 00:43:56.898721	2018-12-15 00:43:56.898721
201	Proclus	88.6700000000000017	India	2018-12-15 00:43:56.900992	2018-12-15 00:43:56.900992
202	Aristotle	24.379999999999999	Indonesia	2018-12-15 00:43:56.903587	2018-12-15 00:43:56.903587
203	Plato	18.5799999999999983	Jamaica	2018-12-15 00:43:56.906096	2018-12-15 00:43:56.906096
204	Plato	75.2199999999999989	Peru	2018-12-15 00:43:56.908451	2018-12-15 00:43:56.908451
205	Chrysippus	55.009999999999998	Honduras	2018-12-15 00:43:56.910913	2018-12-15 00:43:56.910913
206	Galen	74.4699999999999989	Cyprus	2018-12-15 00:43:56.913516	2018-12-15 00:43:56.913516
207	Epicurus	48.6300000000000026	Thailand	2018-12-15 00:43:56.915732	2018-12-15 00:43:56.915732
208	Aristotle	98.6599999999999966	Reunion	2018-12-15 00:43:56.918463	2018-12-15 00:43:56.918463
209	Diogenes	27.0100000000000016	Wallis and Futuna	2018-12-15 00:43:56.920883	2018-12-15 00:43:56.920883
210	Plutarch	66.9300000000000068	Luxembourg	2018-12-15 00:43:56.923135	2018-12-15 00:43:56.923135
211	Galen	26.7899999999999991	Guernsey	2018-12-15 00:43:56.925336	2018-12-15 00:43:56.925336
212	Arcesilaus	72.730000000000004	Palestinian Territory	2018-12-15 00:43:56.9282	2018-12-15 00:43:56.9282
213	Archimedes	54.6400000000000006	Serbia	2018-12-15 00:43:56.930695	2018-12-15 00:43:56.930695
214	Chrysippus	13.3300000000000001	Martinique	2018-12-15 00:43:56.933194	2018-12-15 00:43:56.933194
215	Plutarch	85.0900000000000034	Malawi	2018-12-15 00:43:56.936225	2018-12-15 00:43:56.936225
216	Chrysippus	21.9400000000000013	Gabon	2018-12-15 00:43:56.938561	2018-12-15 00:43:56.938561
217	Solon	79.5699999999999932	Niger	2018-12-15 00:43:56.940969	2018-12-15 00:43:56.940969
218	Pythagoras	91.3400000000000034	Nepal	2018-12-15 00:43:56.94359	2018-12-15 00:43:56.94359
219	Heraclitus	36.7100000000000009	Tuvalu	2018-12-15 00:43:56.945967	2018-12-15 00:43:56.945967
220	Gorgias	57.9500000000000028	Cocos (Keeling) Islands	2018-12-15 00:43:56.948379	2018-12-15 00:43:56.948379
221	Aristotle	65.0100000000000051	Bahamas	2018-12-15 00:43:56.951108	2018-12-15 00:43:56.951108
222	Gorgias	61.2899999999999991	United States Minor Outlying Islands	2018-12-15 00:43:56.953735	2018-12-15 00:43:56.953735
223	Thucydides	49.2800000000000011	Slovakia (Slovak Republic)	2018-12-15 00:43:56.956192	2018-12-15 00:43:56.956192
224	Posidonius	65.5100000000000051	South Africa	2018-12-15 00:43:56.958437	2018-12-15 00:43:56.958437
225	Pythagoras	89.1099999999999994	Greece	2018-12-15 00:43:56.960654	2018-12-15 00:43:56.960654
226	Parmenides	34.5399999999999991	Libyan Arab Jamahiriya	2018-12-15 00:43:56.963078	2018-12-15 00:43:56.963078
227	Posidonius	17.7899999999999991	Andorra	2018-12-15 00:43:56.965336	2018-12-15 00:43:56.965336
228	Chrysippus	42.9099999999999966	Kenya	2018-12-15 00:43:56.967355	2018-12-15 00:43:56.967355
229	Plato	33.740000000000002	Kyrgyz Republic	2018-12-15 00:43:56.969905	2018-12-15 00:43:56.969905
230	Proclus	16.120000000000001	United States of America	2018-12-15 00:43:56.972163	2018-12-15 00:43:56.972163
231	Thucydides	43.5700000000000003	Croatia	2018-12-15 00:43:56.974708	2018-12-15 00:43:56.974708
232	Chrysippus	56.8200000000000003	Macao	2018-12-15 00:43:56.977162	2018-12-15 00:43:56.977162
233	Arcesilaus	63.4099999999999966	United States Minor Outlying Islands	2018-12-15 00:43:56.979673	2018-12-15 00:43:56.979673
234	Heraclitus	21.5500000000000007	Zimbabwe	2018-12-15 00:43:56.982181	2018-12-15 00:43:56.982181
235	Thucydides	70.2099999999999937	Niue	2018-12-15 00:43:56.984536	2018-12-15 00:43:56.984536
236	Epicurus	35.6099999999999994	Virgin Islands, British	2018-12-15 00:43:56.986999	2018-12-15 00:43:56.986999
237	Epicurus	32.0399999999999991	Guadeloupe	2018-12-15 00:43:56.9893	2018-12-15 00:43:56.9893
238	Posidonius	32.4600000000000009	Spain	2018-12-15 00:43:56.991729	2018-12-15 00:43:56.991729
239	Plutarch	10.4499999999999993	Lithuania	2018-12-15 00:43:56.994148	2018-12-15 00:43:56.994148
240	Epicurus	24.4299999999999997	Luxembourg	2018-12-15 00:43:56.996503	2018-12-15 00:43:56.996503
241	Heraclitus	43.7800000000000011	Cocos (Keeling) Islands	2018-12-15 00:43:56.998705	2018-12-15 00:43:56.998705
242	Posidonius	86.6400000000000006	Russian Federation	2018-12-15 00:43:57.001051	2018-12-15 00:43:57.001051
243	Thucydides	51.9600000000000009	Argentina	2018-12-15 00:43:57.003237	2018-12-15 00:43:57.003237
244	Solon	82.2600000000000051	Romania	2018-12-15 00:43:57.005602	2018-12-15 00:43:57.005602
245	Plutarch	39.1899999999999977	Martinique	2018-12-15 00:43:57.007779	2018-12-15 00:43:57.007779
246	Chrysippus	81.8499999999999943	Sao Tome and Principe	2018-12-15 00:43:57.010301	2018-12-15 00:43:57.010301
247	Chrysippus	49.6300000000000026	Reunion	2018-12-15 00:43:57.012899	2018-12-15 00:43:57.012899
248	Posidonius	58.1899999999999977	Mozambique	2018-12-15 00:43:57.015249	2018-12-15 00:43:57.015249
249	Proclus	51.1899999999999977	Antarctica (the territory South of 60 deg S)	2018-12-15 00:43:57.017664	2018-12-15 00:43:57.017664
250	Aristotle	40.5399999999999991	India	2018-12-15 00:43:57.020002	2018-12-15 00:43:57.020002
251	thing	10	usa	2018-12-15 01:23:54.21239	2018-12-15 01:23:54.21239
252	ok	10	usa	2018-12-15 01:27:57.209009	2018-12-15 01:27:57.209009
\.


--
-- Data for Name: reviews; Type: TABLE DATA; Schema: public; Owner: christophercahill
--

COPY public.reviews (id, author_name, author_id, rating, created_at, updated_at, review_text, product_id) FROM stdin;
1	Kesha Wisoky	\N	1	2018-12-15 00:43:57.064296	2018-12-15 00:43:57.064296	Placeat ipsum assumenda at.	1
2	Samatha Shanahan	\N	4	2018-12-15 00:43:57.069097	2018-12-15 00:43:57.069097	Repellat harum rerum hic.	1
3	Asa Glover	\N	2	2018-12-15 00:43:57.071933	2018-12-15 00:43:57.071933	Ex et deserunt qui.	1
4	Buster Mitchell	\N	3	2018-12-15 00:43:57.074988	2018-12-15 00:43:57.074988	Molestiae illo voluptatem velit.	1
5	Cameron Dickens	\N	4	2018-12-15 00:43:57.081392	2018-12-15 00:43:57.081392	Amet autem reiciendis error.	1
6	Dr. Eryn Langworth	\N	5	2018-12-15 00:43:57.084904	2018-12-15 00:43:57.084904	Reiciendis minus omnis dolore.	2
7	Blondell Walter	\N	1	2018-12-15 00:43:57.088695	2018-12-15 00:43:57.088695	Architecto impedit ut totam.	2
8	Reginald Wolf	\N	1	2018-12-15 00:43:57.092102	2018-12-15 00:43:57.092102	Illum consectetur aut nobis.	2
9	Ileen Wuckert	\N	5	2018-12-15 00:43:57.095323	2018-12-15 00:43:57.095323	Corporis dolor officia reprehenderit.	2
10	Lacy Ziemann	\N	2	2018-12-15 00:43:57.097963	2018-12-15 00:43:57.097963	Labore consequatur neque earum.	2
11	Retha Lowe	\N	4	2018-12-15 00:43:57.100431	2018-12-15 00:43:57.100431	Cum libero quia totam.	3
12	Patrica Hettinger	\N	2	2018-12-15 00:43:57.102938	2018-12-15 00:43:57.102938	Est exercitationem ut qui.	3
13	Abel McClure	\N	4	2018-12-15 00:43:57.105283	2018-12-15 00:43:57.105283	Blanditiis aliquam dolor quo.	3
14	Edison Nader	\N	5	2018-12-15 00:43:57.107893	2018-12-15 00:43:57.107893	Accusantium exercitationem quod totam.	3
15	Mrs. Gregorio Zemlak	\N	1	2018-12-15 00:43:57.110277	2018-12-15 00:43:57.110277	Qui accusantium odit voluptates.	3
16	Alexis Smith Sr.	\N	3	2018-12-15 00:43:57.112938	2018-12-15 00:43:57.112938	Sit minima praesentium facere.	4
17	Gerry Reilly PhD	\N	4	2018-12-15 00:43:57.115491	2018-12-15 00:43:57.115491	Eos quia recusandae omnis.	4
18	Ms. Natalie Cremin	\N	3	2018-12-15 00:43:57.117901	2018-12-15 00:43:57.117901	Accusamus nesciunt tenetur et.	4
19	Genie Koch	\N	1	2018-12-15 00:43:57.120372	2018-12-15 00:43:57.120372	Dolorem laudantium voluptas nam.	4
20	Tommy Emard	\N	1	2018-12-15 00:43:57.12279	2018-12-15 00:43:57.12279	Est architecto accusamus ducimus.	4
21	Jackie O'Hara	\N	2	2018-12-15 00:43:57.125427	2018-12-15 00:43:57.125427	Explicabo ratione sit eos.	5
22	Hong Hyatt II	\N	5	2018-12-15 00:43:57.127807	2018-12-15 00:43:57.127807	Recusandae et eos dolores.	5
23	Mr. Loyd Pollich	\N	2	2018-12-15 00:43:57.130344	2018-12-15 00:43:57.130344	Quo eius sit voluptatem.	5
24	Flo Grimes	\N	3	2018-12-15 00:43:57.132717	2018-12-15 00:43:57.132717	Sit qui eum illum.	5
25	Mendy Ratke Sr.	\N	2	2018-12-15 00:43:57.135212	2018-12-15 00:43:57.135212	Cum blanditiis est accusantium.	5
26	Herman Emard DDS	\N	3	2018-12-15 00:43:57.138008	2018-12-15 00:43:57.138008	Enim corrupti similique at.	6
27	Patrick Wiza	\N	4	2018-12-15 00:43:57.140365	2018-12-15 00:43:57.140365	Et voluptas fugit voluptatem.	6
28	Dr. Edmund McGlynn	\N	1	2018-12-15 00:43:57.142925	2018-12-15 00:43:57.142925	Atque quisquam debitis maxime.	6
29	Tony Blanda	\N	5	2018-12-15 00:43:57.1453	2018-12-15 00:43:57.1453	Iure modi ipsa voluptates.	6
30	Jill Romaguera	\N	2	2018-12-15 00:43:57.147858	2018-12-15 00:43:57.147858	Omnis recusandae a facilis.	6
31	Shellie Simonis IV	\N	1	2018-12-15 00:43:57.150395	2018-12-15 00:43:57.150395	Quae quisquam qui dolor.	7
32	Luciano Schmeler DVM	\N	3	2018-12-15 00:43:57.1529	2018-12-15 00:43:57.1529	Dolor et ullam illo.	7
33	Scottie Bode	\N	5	2018-12-15 00:43:57.155645	2018-12-15 00:43:57.155645	Ut veritatis incidunt quisquam.	7
34	Will Lubowitz	\N	2	2018-12-15 00:43:57.158053	2018-12-15 00:43:57.158053	Tempora et dolores ad.	7
35	Kandy Gislason	\N	5	2018-12-15 00:43:57.160405	2018-12-15 00:43:57.160405	Qui dolorem voluptas soluta.	7
36	Miss Guadalupe Terry	\N	3	2018-12-15 00:43:57.162914	2018-12-15 00:43:57.162914	Consequatur earum et necessitatibus.	8
37	Arlyne Howe III	\N	2	2018-12-15 00:43:57.165517	2018-12-15 00:43:57.165517	Repellat rerum soluta est.	8
38	Paulina Cronin	\N	2	2018-12-15 00:43:57.167922	2018-12-15 00:43:57.167922	Cum saepe non voluptatum.	8
39	Becky Conn Sr.	\N	3	2018-12-15 00:43:57.170407	2018-12-15 00:43:57.170407	Magnam amet est sunt.	8
40	Alysha Lueilwitz Sr.	\N	1	2018-12-15 00:43:57.172876	2018-12-15 00:43:57.172876	Culpa quisquam velit quidem.	8
41	Mrs. Foster Schowalter	\N	5	2018-12-15 00:43:57.175491	2018-12-15 00:43:57.175491	Nesciunt quas autem omnis.	9
42	Hugh Crist	\N	2	2018-12-15 00:43:57.177971	2018-12-15 00:43:57.177971	Laudantium deserunt aliquid eligendi.	9
43	Cora Crooks	\N	5	2018-12-15 00:43:57.180482	2018-12-15 00:43:57.180482	Facilis ratione et velit.	9
44	Latashia Ortiz	\N	4	2018-12-15 00:43:57.183153	2018-12-15 00:43:57.183153	Sit et porro enim.	9
45	Guadalupe O'Keefe	\N	5	2018-12-15 00:43:57.18554	2018-12-15 00:43:57.18554	Est et voluptatem assumenda.	9
46	Ricki Toy	\N	4	2018-12-15 00:43:57.188161	2018-12-15 00:43:57.188161	Eius nesciunt unde ut.	10
47	Sybil Heathcote	\N	5	2018-12-15 00:43:57.19054	2018-12-15 00:43:57.19054	Totam atque aut quo.	10
48	Ms. Jerilyn Barrows	\N	3	2018-12-15 00:43:57.193036	2018-12-15 00:43:57.193036	Id similique voluptatem omnis.	10
49	Thomas O'Connell	\N	3	2018-12-15 00:43:57.195443	2018-12-15 00:43:57.195443	Perferendis nihil occaecati ullam.	10
50	Mindi Schowalter	\N	4	2018-12-15 00:43:57.197969	2018-12-15 00:43:57.197969	Mollitia laudantium aut ut.	10
51	Lionel Veum	\N	1	2018-12-15 00:43:57.200449	2018-12-15 00:43:57.200449	Quidem ut voluptatem quia.	11
52	Shauna Ortiz	\N	1	2018-12-15 00:43:57.202875	2018-12-15 00:43:57.202875	Modi sed quaerat necessitatibus.	11
53	Clinton Purdy	\N	5	2018-12-15 00:43:57.205386	2018-12-15 00:43:57.205386	Non ut laborum blanditiis.	11
54	Miss Timmy Treutel	\N	2	2018-12-15 00:43:57.207835	2018-12-15 00:43:57.207835	Doloribus unde aliquam eaque.	11
55	Vivian Hammes	\N	2	2018-12-15 00:43:57.210275	2018-12-15 00:43:57.210275	Facere vel cupiditate totam.	11
56	Nickolas Upton	\N	3	2018-12-15 00:43:57.212885	2018-12-15 00:43:57.212885	Qui deserunt et et.	12
57	Armando Aufderhar	\N	5	2018-12-15 00:43:57.216004	2018-12-15 00:43:57.216004	Repellendus aut aliquid omnis.	12
58	Myra Langworth	\N	4	2018-12-15 00:43:57.218615	2018-12-15 00:43:57.218615	Cumque accusantium sit nobis.	12
59	Artie Roob Sr.	\N	5	2018-12-15 00:43:57.220991	2018-12-15 00:43:57.220991	Ad saepe deleniti possimus.	12
60	Johnny Kihn	\N	2	2018-12-15 00:43:57.223402	2018-12-15 00:43:57.223402	Doloribus quaerat fugiat ut.	12
61	Melony Wintheiser	\N	3	2018-12-15 00:43:57.226017	2018-12-15 00:43:57.226017	Quos molestias distinctio aut.	13
62	Toby Hirthe Sr.	\N	3	2018-12-15 00:43:57.228564	2018-12-15 00:43:57.228564	Sequi harum laborum saepe.	13
63	Aurelio Nitzsche DVM	\N	4	2018-12-15 00:43:57.231017	2018-12-15 00:43:57.231017	Et neque voluptatem ut.	13
64	Florencio Lebsack	\N	1	2018-12-15 00:43:57.233483	2018-12-15 00:43:57.233483	Necessitatibus cum velit dolor.	13
65	Kathryn Smitham	\N	5	2018-12-15 00:43:57.235842	2018-12-15 00:43:57.235842	Nihil sit amet impedit.	13
66	Apolonia Greenfelder	\N	1	2018-12-15 00:43:57.238422	2018-12-15 00:43:57.238422	Labore inventore dolores velit.	14
67	Ernest Dickinson	\N	2	2018-12-15 00:43:57.240737	2018-12-15 00:43:57.240737	Blanditiis iure ut laborum.	14
68	Terry Herman V	\N	5	2018-12-15 00:43:57.243192	2018-12-15 00:43:57.243192	Dolores autem modi voluptas.	14
69	Clarence Hackett	\N	3	2018-12-15 00:43:57.245627	2018-12-15 00:43:57.245627	Autem non sit earum.	14
70	Hank Steuber	\N	5	2018-12-15 00:43:57.248123	2018-12-15 00:43:57.248123	Qui eum omnis sequi.	14
71	Marget Hodkiewicz	\N	4	2018-12-15 00:43:57.25069	2018-12-15 00:43:57.25069	Iusto aperiam est nesciunt.	15
72	Kelly Volkman	\N	3	2018-12-15 00:43:57.253085	2018-12-15 00:43:57.253085	Quo ratione perferendis dolores.	15
73	Ms. Ignacia Feil	\N	3	2018-12-15 00:43:57.255805	2018-12-15 00:43:57.255805	Dignissimos eius quia aliquam.	15
74	Margarett Willms	\N	3	2018-12-15 00:43:57.258281	2018-12-15 00:43:57.258281	Enim tenetur porro eligendi.	15
75	In Zemlak	\N	3	2018-12-15 00:43:57.26135	2018-12-15 00:43:57.26135	Nostrum dolore aut maiores.	15
76	Cara Dickens	\N	3	2018-12-15 00:43:57.264012	2018-12-15 00:43:57.264012	Deleniti placeat quia similique.	16
77	Dr. Chauncey Krajcik	\N	3	2018-12-15 00:43:57.26643	2018-12-15 00:43:57.26643	Atque non suscipit recusandae.	16
78	Bo Langworth	\N	4	2018-12-15 00:43:57.268884	2018-12-15 00:43:57.268884	Velit accusantium est provident.	16
79	Lorriane Gusikowski	\N	1	2018-12-15 00:43:57.271236	2018-12-15 00:43:57.271236	Vitae sint quibusdam laudantium.	16
80	Twila Rippin	\N	3	2018-12-15 00:43:57.273701	2018-12-15 00:43:57.273701	Minima ea reiciendis tempore.	16
81	Ena Kerluke	\N	2	2018-12-15 00:43:57.276275	2018-12-15 00:43:57.276275	Non ut voluptas rerum.	17
82	Danny Zieme	\N	5	2018-12-15 00:43:57.278569	2018-12-15 00:43:57.278569	Laborum recusandae eaque velit.	17
83	Taryn Kemmer	\N	4	2018-12-15 00:43:57.28103	2018-12-15 00:43:57.28103	Maiores aspernatur autem molestiae.	17
84	Daniel Hahn	\N	4	2018-12-15 00:43:57.283453	2018-12-15 00:43:57.283453	Totam officia reiciendis sint.	17
85	Miss Cherilyn Stokes	\N	4	2018-12-15 00:43:57.285923	2018-12-15 00:43:57.285923	Omnis laborum qui quisquam.	17
86	Marjory Botsford	\N	3	2018-12-15 00:43:57.288577	2018-12-15 00:43:57.288577	Et est dolorem cumque.	18
87	Hollie Auer	\N	3	2018-12-15 00:43:57.291163	2018-12-15 00:43:57.291163	Molestiae aperiam reprehenderit sequi.	18
88	Tobias Hermann	\N	4	2018-12-15 00:43:57.293584	2018-12-15 00:43:57.293584	Ut explicabo pariatur sed.	18
89	Loyd Lebsack MD	\N	1	2018-12-15 00:43:57.296067	2018-12-15 00:43:57.296067	Ratione hic adipisci temporibus.	18
90	Ardelle Hermann	\N	3	2018-12-15 00:43:57.298599	2018-12-15 00:43:57.298599	Accusantium quibusdam eum consectetur.	18
91	Orlando Stokes	\N	4	2018-12-15 00:43:57.301242	2018-12-15 00:43:57.301242	Excepturi odit incidunt tempore.	19
92	Hoa Quigley V	\N	3	2018-12-15 00:43:57.30379	2018-12-15 00:43:57.30379	Accusantium consequatur aliquam vitae.	19
93	Russel Breitenberg Sr.	\N	1	2018-12-15 00:43:57.30635	2018-12-15 00:43:57.30635	Odio et ipsum qui.	19
94	Mr. Genny Kulas	\N	5	2018-12-15 00:43:57.30881	2018-12-15 00:43:57.30881	Hic necessitatibus eius quibusdam.	19
95	Santiago O'Connell	\N	3	2018-12-15 00:43:57.311293	2018-12-15 00:43:57.311293	Nisi consequuntur cupiditate qui.	19
96	Rosaria Stoltenberg I	\N	5	2018-12-15 00:43:57.31405	2018-12-15 00:43:57.31405	Maiores placeat sunt quis.	20
97	Dr. Chan Price	\N	3	2018-12-15 00:43:57.317126	2018-12-15 00:43:57.317126	Perspiciatis alias quae qui.	20
98	Mrs. Olen Green	\N	5	2018-12-15 00:43:57.319846	2018-12-15 00:43:57.319846	In dolorum animi voluptas.	20
99	Chase Feest	\N	2	2018-12-15 00:43:57.32252	2018-12-15 00:43:57.32252	Consectetur molestiae molestias voluptatem.	20
100	Chase Gottlieb	\N	4	2018-12-15 00:43:57.325168	2018-12-15 00:43:57.325168	Similique fuga aliquid repellat.	20
101	Ima Goldner	\N	4	2018-12-15 00:43:57.327946	2018-12-15 00:43:57.327946	Deserunt in illum impedit.	21
102	Aliza McGlynn	\N	3	2018-12-15 00:43:57.331499	2018-12-15 00:43:57.331499	Sunt eaque et molestiae.	21
103	Tammie Mann II	\N	4	2018-12-15 00:43:57.335038	2018-12-15 00:43:57.335038	Facilis molestiae ea quas.	21
104	Ms. Kandis O'Kon	\N	5	2018-12-15 00:43:57.33775	2018-12-15 00:43:57.33775	Reiciendis ab eos sed.	21
105	An Bergstrom	\N	5	2018-12-15 00:43:57.34035	2018-12-15 00:43:57.34035	Asperiores aut rem et.	21
106	Eleonor Veum	\N	2	2018-12-15 00:43:57.342971	2018-12-15 00:43:57.342971	Et ut rerum eius.	22
107	Alvaro Kreiger	\N	1	2018-12-15 00:43:57.345552	2018-12-15 00:43:57.345552	Nulla neque magnam pariatur.	22
108	Floyd Upton	\N	1	2018-12-15 00:43:57.348123	2018-12-15 00:43:57.348123	Assumenda maiores minus animi.	22
109	Laurence Parker	\N	4	2018-12-15 00:43:57.350568	2018-12-15 00:43:57.350568	Alias sunt nesciunt suscipit.	22
110	Chris Gusikowski	\N	5	2018-12-15 00:43:57.353095	2018-12-15 00:43:57.353095	Dicta explicabo et neque.	22
111	Margarito Walsh	\N	3	2018-12-15 00:43:57.355723	2018-12-15 00:43:57.355723	Sed sunt ea mollitia.	23
112	Lucas Huels Sr.	\N	2	2018-12-15 00:43:57.358226	2018-12-15 00:43:57.358226	Quis autem voluptatem voluptas.	23
113	Chung Parker	\N	5	2018-12-15 00:43:57.3612	2018-12-15 00:43:57.3612	Facere architecto temporibus eum.	23
114	Wilbert Durgan	\N	2	2018-12-15 00:43:57.364093	2018-12-15 00:43:57.364093	Est et vero nostrum.	23
115	Carylon Grimes	\N	1	2018-12-15 00:43:57.366783	2018-12-15 00:43:57.366783	Quisquam vitae mollitia sit.	23
116	Jimmie Jaskolski	\N	5	2018-12-15 00:43:57.369878	2018-12-15 00:43:57.369878	Natus deleniti iure vel.	24
117	George Kuphal	\N	4	2018-12-15 00:43:57.37739	2018-12-15 00:43:57.37739	Libero tenetur adipisci eveniet.	24
118	Caleb Will	\N	3	2018-12-15 00:43:57.379853	2018-12-15 00:43:57.379853	Illo culpa excepturi quia.	24
119	Thomas Schuppe DDS	\N	5	2018-12-15 00:43:57.382358	2018-12-15 00:43:57.382358	Sed expedita voluptatum labore.	24
120	Darrick Jerde I	\N	1	2018-12-15 00:43:57.384727	2018-12-15 00:43:57.384727	Dolor laudantium qui sed.	24
121	Gordon Wiegand	\N	3	2018-12-15 00:43:57.387288	2018-12-15 00:43:57.387288	Enim officiis consequuntur atque.	25
122	Abram Ward	\N	1	2018-12-15 00:43:57.389588	2018-12-15 00:43:57.389588	Pariatur reiciendis minima quis.	25
123	Stephen Dach	\N	2	2018-12-15 00:43:57.39202	2018-12-15 00:43:57.39202	Nulla qui incidunt ipsam.	25
124	Angla Kovacek	\N	5	2018-12-15 00:43:57.394448	2018-12-15 00:43:57.394448	Minus dolor cumque ullam.	25
125	Luba Nicolas	\N	1	2018-12-15 00:43:57.396834	2018-12-15 00:43:57.396834	Consequatur provident ex soluta.	25
126	Chuck Heaney	\N	2	2018-12-15 00:43:57.399377	2018-12-15 00:43:57.399377	Minima veritatis consequatur ratione.	26
127	Jeremiah Reilly V	\N	2	2018-12-15 00:43:57.401734	2018-12-15 00:43:57.401734	Harum aut omnis labore.	26
128	Chong Cormier	\N	2	2018-12-15 00:43:57.404129	2018-12-15 00:43:57.404129	Assumenda blanditiis aut exercitationem.	26
129	Mr. Winston Schaden	\N	5	2018-12-15 00:43:57.40651	2018-12-15 00:43:57.40651	Qui fugiat enim rem.	26
130	Miss Harry Smith	\N	2	2018-12-15 00:43:57.408784	2018-12-15 00:43:57.408784	Quis velit et sunt.	26
131	Maragaret Bradtke IV	\N	3	2018-12-15 00:43:57.411301	2018-12-15 00:43:57.411301	Omnis veniam reiciendis eius.	27
132	Dr. Gabriel Berge	\N	5	2018-12-15 00:43:57.413776	2018-12-15 00:43:57.413776	In eveniet sint suscipit.	27
133	Dr. Shanna Reynolds	\N	4	2018-12-15 00:43:57.416133	2018-12-15 00:43:57.416133	Sint atque magni reprehenderit.	27
134	Daren Zemlak	\N	2	2018-12-15 00:43:57.418496	2018-12-15 00:43:57.418496	Facilis vero aliquid sunt.	27
135	Timothy Green	\N	3	2018-12-15 00:43:57.420813	2018-12-15 00:43:57.420813	Voluptatem et ut hic.	27
136	Vivian Konopelski IV	\N	3	2018-12-15 00:43:57.423464	2018-12-15 00:43:57.423464	Rerum eius reprehenderit voluptatem.	28
137	Miss Devon McCullough	\N	4	2018-12-15 00:43:57.425883	2018-12-15 00:43:57.425883	A eius ea aspernatur.	28
138	Sherwood Stehr	\N	3	2018-12-15 00:43:57.428165	2018-12-15 00:43:57.428165	Quo delectus quaerat id.	28
139	Aimee Hammes V	\N	5	2018-12-15 00:43:57.430719	2018-12-15 00:43:57.430719	Fugiat nihil aut recusandae.	28
140	Milan Jacobs	\N	1	2018-12-15 00:43:57.433058	2018-12-15 00:43:57.433058	Amet id quidem earum.	28
141	Gracie Treutel	\N	4	2018-12-15 00:43:57.435551	2018-12-15 00:43:57.435551	Non voluptas consequatur quisquam.	29
142	Rosaura Smitham	\N	2	2018-12-15 00:43:57.437956	2018-12-15 00:43:57.437956	Eveniet autem tenetur placeat.	29
143	Katelin Dare	\N	2	2018-12-15 00:43:57.440298	2018-12-15 00:43:57.440298	Deleniti recusandae consectetur ducimus.	29
144	Wesley Rolfson	\N	3	2018-12-15 00:43:57.442664	2018-12-15 00:43:57.442664	Assumenda explicabo odio est.	29
145	Mr. Lindsey Schmeler	\N	3	2018-12-15 00:43:57.44498	2018-12-15 00:43:57.44498	Nostrum natus est deleniti.	29
146	Kareem Koss	\N	1	2018-12-15 00:43:57.447596	2018-12-15 00:43:57.447596	Beatae architecto asperiores odio.	30
147	Darrell Gutkowski II	\N	5	2018-12-15 00:43:57.450077	2018-12-15 00:43:57.450077	Ut quos aut ad.	30
148	Mrs. Syreeta Tillman	\N	3	2018-12-15 00:43:57.452411	2018-12-15 00:43:57.452411	Magni qui voluptates fuga.	30
149	Georgia Lowe	\N	2	2018-12-15 00:43:57.455143	2018-12-15 00:43:57.455143	Tenetur sint consectetur molestias.	30
150	Deon Reilly	\N	3	2018-12-15 00:43:57.457554	2018-12-15 00:43:57.457554	Animi corrupti et omnis.	30
151	Cornelia Dach	\N	3	2018-12-15 00:43:57.460613	2018-12-15 00:43:57.460613	Provident omnis numquam et.	31
152	Armando Barrows	\N	3	2018-12-15 00:43:57.463079	2018-12-15 00:43:57.463079	Deleniti repudiandae laudantium quod.	31
153	Roberto Sanford	\N	4	2018-12-15 00:43:57.465433	2018-12-15 00:43:57.465433	Eligendi dolorem cupiditate at.	31
154	Cecelia Collins	\N	3	2018-12-15 00:43:57.46828	2018-12-15 00:43:57.46828	Vitae commodi velit aperiam.	31
155	Morgan Hansen	\N	1	2018-12-15 00:43:57.470671	2018-12-15 00:43:57.470671	Atque rerum magnam magni.	31
156	Rolland Jakubowski	\N	5	2018-12-15 00:43:57.47317	2018-12-15 00:43:57.47317	Et et voluptas est.	32
157	Vita Schultz	\N	1	2018-12-15 00:43:57.475745	2018-12-15 00:43:57.475745	Sed fugit optio iste.	32
158	Everette Huel	\N	3	2018-12-15 00:43:57.478076	2018-12-15 00:43:57.478076	Ipsa incidunt recusandae et.	32
159	Debrah Bartell	\N	4	2018-12-15 00:43:57.480503	2018-12-15 00:43:57.480503	Sunt ea ut sapiente.	32
160	Jarrod Feil Sr.	\N	3	2018-12-15 00:43:57.482898	2018-12-15 00:43:57.482898	Ducimus quia vel nulla.	32
161	Shirlene Welch	\N	1	2018-12-15 00:43:57.485452	2018-12-15 00:43:57.485452	Cupiditate ut ut qui.	33
162	Will Gusikowski	\N	1	2018-12-15 00:43:57.487715	2018-12-15 00:43:57.487715	Sequi quas delectus sint.	33
163	Elsie Hodkiewicz	\N	3	2018-12-15 00:43:57.49006	2018-12-15 00:43:57.49006	Illum cum quas ullam.	33
164	Chi Kuphal	\N	1	2018-12-15 00:43:57.492618	2018-12-15 00:43:57.492618	Sit atque consequatur magnam.	33
165	Yi Wilderman	\N	5	2018-12-15 00:43:57.494931	2018-12-15 00:43:57.494931	Et dicta vitae nihil.	33
166	Argelia Trantow DVM	\N	2	2018-12-15 00:43:57.497479	2018-12-15 00:43:57.497479	Et sed saepe occaecati.	34
167	Ms. Marylee Predovic	\N	2	2018-12-15 00:43:57.499913	2018-12-15 00:43:57.499913	Similique necessitatibus enim et.	34
168	Bee Mertz	\N	4	2018-12-15 00:43:57.502275	2018-12-15 00:43:57.502275	Eaque repellendus illum vitae.	34
169	Sachiko Waelchi	\N	1	2018-12-15 00:43:57.504668	2018-12-15 00:43:57.504668	Mollitia voluptas omnis aut.	34
170	Denese Waters	\N	2	2018-12-15 00:43:57.507038	2018-12-15 00:43:57.507038	Repellendus eos illo corrupti.	34
171	Ferdinand Hilpert V	\N	3	2018-12-15 00:43:57.509681	2018-12-15 00:43:57.509681	Esse velit amet perspiciatis.	35
172	Galen Aufderhar	\N	2	2018-12-15 00:43:57.512214	2018-12-15 00:43:57.512214	Corporis sunt consectetur et.	35
173	Lisandra Blick	\N	1	2018-12-15 00:43:57.514766	2018-12-15 00:43:57.514766	Consequuntur ut blanditiis nam.	35
174	Ms. Loyd West	\N	4	2018-12-15 00:43:57.517215	2018-12-15 00:43:57.517215	Quam ea sint laborum.	35
175	Gene Turner	\N	2	2018-12-15 00:43:57.519615	2018-12-15 00:43:57.519615	Ducimus modi labore nisi.	35
176	Roxie Stark	\N	4	2018-12-15 00:43:57.522348	2018-12-15 00:43:57.522348	Nobis laboriosam quibusdam et.	36
177	Brendan Mertz	\N	3	2018-12-15 00:43:57.524819	2018-12-15 00:43:57.524819	Itaque harum esse aliquam.	36
178	Brandon Witting	\N	5	2018-12-15 00:43:57.527069	2018-12-15 00:43:57.527069	Incidunt qui nesciunt nobis.	36
179	Sharika Bosco Jr.	\N	5	2018-12-15 00:43:57.529493	2018-12-15 00:43:57.529493	Et quo qui ut.	36
180	Burl Bashirian MD	\N	4	2018-12-15 00:43:57.532261	2018-12-15 00:43:57.532261	Nam nemo doloribus qui.	36
181	Cleotilde Hansen	\N	4	2018-12-15 00:43:57.535287	2018-12-15 00:43:57.535287	Eveniet ipsam corporis amet.	37
182	Anja Schulist II	\N	4	2018-12-15 00:43:57.538124	2018-12-15 00:43:57.538124	Illum voluptatem totam placeat.	37
183	Elene Padberg	\N	4	2018-12-15 00:43:57.540557	2018-12-15 00:43:57.540557	Rem est voluptatem necessitatibus.	37
184	Charla Gleason	\N	3	2018-12-15 00:43:57.542991	2018-12-15 00:43:57.542991	Reprehenderit libero omnis tempore.	37
185	Chantell O'Reilly III	\N	3	2018-12-15 00:43:57.54546	2018-12-15 00:43:57.54546	Et ut alias impedit.	37
186	Marc Emard	\N	4	2018-12-15 00:43:57.548108	2018-12-15 00:43:57.548108	Blanditiis necessitatibus velit quia.	38
187	Cinda Mraz	\N	2	2018-12-15 00:43:57.550554	2018-12-15 00:43:57.550554	Corporis expedita et cupiditate.	38
188	Jeramy Ebert	\N	2	2018-12-15 00:43:57.553059	2018-12-15 00:43:57.553059	Ex quos odit officiis.	38
189	Grady Lynch	\N	4	2018-12-15 00:43:57.556211	2018-12-15 00:43:57.556211	Officiis aut enim maxime.	38
190	Long Heller	\N	1	2018-12-15 00:43:57.558733	2018-12-15 00:43:57.558733	Excepturi perspiciatis explicabo eos.	38
191	Marvin Reilly	\N	2	2018-12-15 00:43:57.561275	2018-12-15 00:43:57.561275	Quisquam molestiae aut rem.	39
192	Echo Haley	\N	1	2018-12-15 00:43:57.564495	2018-12-15 00:43:57.564495	Quod et doloribus ex.	39
193	Pat Denesik	\N	5	2018-12-15 00:43:57.56689	2018-12-15 00:43:57.56689	Hic similique illum aliquam.	39
194	Soo Schaden Sr.	\N	3	2018-12-15 00:43:57.569253	2018-12-15 00:43:57.569253	Eum voluptas sunt qui.	39
195	Tiara Roob	\N	3	2018-12-15 00:43:57.572074	2018-12-15 00:43:57.572074	Provident omnis fugit numquam.	39
196	Elijah Goyette	\N	4	2018-12-15 00:43:57.575129	2018-12-15 00:43:57.575129	Fugiat rerum rem placeat.	40
197	Mrs. Malik Jacobi	\N	4	2018-12-15 00:43:57.577784	2018-12-15 00:43:57.577784	Non odit non et.	40
198	Jess Kuvalis	\N	3	2018-12-15 00:43:57.580814	2018-12-15 00:43:57.580814	Qui et dicta nobis.	40
199	Miss Beckie Runte	\N	5	2018-12-15 00:43:57.583555	2018-12-15 00:43:57.583555	Ipsum id a et.	40
200	Ismael Waters	\N	3	2018-12-15 00:43:57.586003	2018-12-15 00:43:57.586003	Voluptates saepe libero sit.	40
201	John Bogisich	\N	2	2018-12-15 00:43:57.589267	2018-12-15 00:43:57.589267	Soluta quia id laborum.	41
202	Hung Beier	\N	3	2018-12-15 00:43:57.591555	2018-12-15 00:43:57.591555	Ex in reprehenderit at.	41
203	Erich Boehm	\N	5	2018-12-15 00:43:57.593938	2018-12-15 00:43:57.593938	In delectus officia molestiae.	41
204	Daphne Ernser	\N	5	2018-12-15 00:43:57.597053	2018-12-15 00:43:57.597053	Voluptatem qui tempora alias.	41
205	Concetta Runolfsson	\N	2	2018-12-15 00:43:57.599461	2018-12-15 00:43:57.599461	Est voluptatem laborum et.	41
206	Jamie Nader	\N	1	2018-12-15 00:43:57.601888	2018-12-15 00:43:57.601888	Laboriosam velit sequi nobis.	42
207	Pasty Kuphal	\N	2	2018-12-15 00:43:57.604694	2018-12-15 00:43:57.604694	Et placeat neque non.	42
208	Weldon Gutmann	\N	5	2018-12-15 00:43:57.607051	2018-12-15 00:43:57.607051	Assumenda nihil non dolorem.	42
209	James Walsh	\N	5	2018-12-15 00:43:57.609314	2018-12-15 00:43:57.609314	Dolorum qui nemo unde.	42
210	Ms. Albina Larson	\N	4	2018-12-15 00:43:57.612054	2018-12-15 00:43:57.612054	Harum omnis excepturi neque.	42
211	Pedro Turcotte	\N	1	2018-12-15 00:43:57.614945	2018-12-15 00:43:57.614945	Nostrum omnis est aliquid.	43
212	Nicol Greenfelder	\N	5	2018-12-15 00:43:57.617334	2018-12-15 00:43:57.617334	Non sed nemo sequi.	43
213	Rachel Corkery	\N	3	2018-12-15 00:43:57.620097	2018-12-15 00:43:57.620097	Sit quis at quia.	43
214	Dane Goodwin	\N	2	2018-12-15 00:43:57.622946	2018-12-15 00:43:57.622946	Quia quisquam corrupti soluta.	43
215	Dane Dibbert	\N	4	2018-12-15 00:43:57.625481	2018-12-15 00:43:57.625481	Et omnis odio quo.	43
216	Mr. Guillermo Haley	\N	3	2018-12-15 00:43:57.628394	2018-12-15 00:43:57.628394	Optio sed cumque eius.	44
217	Mrs. Wanetta Okuneva	\N	3	2018-12-15 00:43:57.631297	2018-12-15 00:43:57.631297	Libero et corrupti eos.	44
218	Dong Aufderhar IV	\N	1	2018-12-15 00:43:57.633657	2018-12-15 00:43:57.633657	Magnam aut dolorem et.	44
219	Nelson Howell	\N	2	2018-12-15 00:43:57.636552	2018-12-15 00:43:57.636552	Animi laudantium voluptas aut.	44
220	Celeste Hamill	\N	4	2018-12-15 00:43:57.638907	2018-12-15 00:43:57.638907	Voluptas consequatur vel error.	44
221	Mr. Kathline Zieme	\N	2	2018-12-15 00:43:57.64144	2018-12-15 00:43:57.64144	Sequi aspernatur fugit eos.	45
222	Synthia Schiller	\N	3	2018-12-15 00:43:57.644423	2018-12-15 00:43:57.644423	Quis non ut harum.	45
223	Titus Dibbert	\N	5	2018-12-15 00:43:57.647084	2018-12-15 00:43:57.647084	Quisquam numquam recusandae distinctio.	45
224	Joseph Fisher	\N	4	2018-12-15 00:43:57.649453	2018-12-15 00:43:57.649453	Quis eos in aliquid.	45
225	Lonny Batz DDS	\N	1	2018-12-15 00:43:57.652142	2018-12-15 00:43:57.652142	Tempore rerum deserunt et.	45
226	Leatha Spinka	\N	4	2018-12-15 00:43:57.654739	2018-12-15 00:43:57.654739	Non molestias quisquam sunt.	46
227	Mr. Genny Friesen	\N	1	2018-12-15 00:43:57.657108	2018-12-15 00:43:57.657108	Non qui vel nisi.	46
228	Jorge Robel	\N	4	2018-12-15 00:43:57.659641	2018-12-15 00:43:57.659641	Nobis deserunt in veniam.	46
229	Damion Rogahn	\N	5	2018-12-15 00:43:57.662008	2018-12-15 00:43:57.662008	Necessitatibus ratione molestiae error.	46
230	Sal Upton	\N	1	2018-12-15 00:43:57.664945	2018-12-15 00:43:57.664945	Facere et animi atque.	46
231	Melanie Stroman I	\N	2	2018-12-15 00:43:57.667719	2018-12-15 00:43:57.667719	Neque aut totam quia.	47
232	Johnny Kunze	\N	1	2018-12-15 00:43:57.670117	2018-12-15 00:43:57.670117	Nisi est vero iure.	47
233	Temeka Altenwerth	\N	4	2018-12-15 00:43:57.672434	2018-12-15 00:43:57.672434	Sunt inventore assumenda accusantium.	47
234	Demetrius Osinski	\N	2	2018-12-15 00:43:57.674774	2018-12-15 00:43:57.674774	Repudiandae optio consequatur sed.	47
235	Antony Ruecker	\N	3	2018-12-15 00:43:57.677122	2018-12-15 00:43:57.677122	Est ad aspernatur dignissimos.	47
236	Markus Bins I	\N	4	2018-12-15 00:43:57.679827	2018-12-15 00:43:57.679827	Exercitationem ut ipsa eum.	48
237	Jenae Wilderman	\N	4	2018-12-15 00:43:57.682392	2018-12-15 00:43:57.682392	Aut quaerat dolor dignissimos.	48
238	Seth Bogisich	\N	1	2018-12-15 00:43:57.684759	2018-12-15 00:43:57.684759	Architecto eligendi delectus recusandae.	48
239	Ms. Roscoe Schultz	\N	4	2018-12-15 00:43:57.687115	2018-12-15 00:43:57.687115	Dolor expedita sed officia.	48
240	Berry Armstrong	\N	1	2018-12-15 00:43:57.689445	2018-12-15 00:43:57.689445	Ut laboriosam quia nesciunt.	48
241	Dr. Lupe Jenkins	\N	5	2018-12-15 00:43:57.692065	2018-12-15 00:43:57.692065	Praesentium iure aut qui.	49
242	Caleb Mertz	\N	2	2018-12-15 00:43:57.694371	2018-12-15 00:43:57.694371	Cumque eaque illum consequuntur.	49
243	Bennett Goldner	\N	1	2018-12-15 00:43:57.696895	2018-12-15 00:43:57.696895	Ipsam odit eius deleniti.	49
244	Barrett Langworth	\N	2	2018-12-15 00:43:57.699189	2018-12-15 00:43:57.699189	At dolor voluptates mollitia.	49
245	Helen Hegmann DVM	\N	5	2018-12-15 00:43:57.701509	2018-12-15 00:43:57.701509	Velit perferendis molestiae qui.	49
246	Rory Hegmann	\N	2	2018-12-15 00:43:57.703945	2018-12-15 00:43:57.703945	Explicabo dolorem quasi maxime.	50
247	Candie Feest	\N	1	2018-12-15 00:43:57.706192	2018-12-15 00:43:57.706192	Ut ut magni vel.	50
248	Lashonda Bartoletti DVM	\N	4	2018-12-15 00:43:57.708492	2018-12-15 00:43:57.708492	Et at repellat mollitia.	50
249	Stanley Lubowitz	\N	1	2018-12-15 00:43:57.710775	2018-12-15 00:43:57.710775	Sunt vel et quis.	50
250	Ray O'Kon	\N	2	2018-12-15 00:43:57.713018	2018-12-15 00:43:57.713018	Voluptatem et impedit culpa.	50
251	Noel Koelpin	\N	4	2018-12-15 00:43:57.715529	2018-12-15 00:43:57.715529	Aut similique ea ut.	51
252	Solange O'Conner	\N	4	2018-12-15 00:43:57.717901	2018-12-15 00:43:57.717901	Voluptates est a cum.	51
253	Ernest Hermann	\N	1	2018-12-15 00:43:57.72017	2018-12-15 00:43:57.72017	Veniam dicta cupiditate id.	51
254	Johnathon Streich	\N	1	2018-12-15 00:43:57.722453	2018-12-15 00:43:57.722453	Debitis voluptate autem aut.	51
255	Jada Swaniawski	\N	1	2018-12-15 00:43:57.724737	2018-12-15 00:43:57.724737	Quod tenetur unde quae.	51
256	Dana Kohler	\N	1	2018-12-15 00:43:57.727154	2018-12-15 00:43:57.727154	Amet autem esse omnis.	52
257	Miss Vaughn McDermott	\N	2	2018-12-15 00:43:57.729465	2018-12-15 00:43:57.729465	Esse non consequatur omnis.	52
258	Lauren Okuneva	\N	1	2018-12-15 00:43:57.731761	2018-12-15 00:43:57.731761	Sit modi porro est.	52
259	Dena Price	\N	1	2018-12-15 00:43:57.734054	2018-12-15 00:43:57.734054	Voluptas quasi quo velit.	52
260	Felipe Ward	\N	2	2018-12-15 00:43:57.736308	2018-12-15 00:43:57.736308	Ipsam et iusto nam.	52
261	Ozella Bahringer	\N	4	2018-12-15 00:43:57.738779	2018-12-15 00:43:57.738779	Aut rerum suscipit sit.	53
262	Morton Brown	\N	1	2018-12-15 00:43:57.741088	2018-12-15 00:43:57.741088	Ipsum assumenda voluptate voluptatum.	53
263	Vito Beer	\N	5	2018-12-15 00:43:57.743363	2018-12-15 00:43:57.743363	Assumenda cumque quos omnis.	53
264	Olin Fahey	\N	5	2018-12-15 00:43:57.745646	2018-12-15 00:43:57.745646	Quae recusandae amet fugiat.	53
265	Michale Thompson	\N	1	2018-12-15 00:43:57.748043	2018-12-15 00:43:57.748043	Modi aliquid perspiciatis in.	53
266	Jeffery Block	\N	2	2018-12-15 00:43:57.750368	2018-12-15 00:43:57.750368	Omnis esse odio delectus.	54
267	Ahmad Powlowski	\N	2	2018-12-15 00:43:57.752673	2018-12-15 00:43:57.752673	Molestiae eos excepturi velit.	54
268	Deandra Brakus	\N	2	2018-12-15 00:43:57.75536	2018-12-15 00:43:57.75536	Qui id facere quis.	54
269	Antonio Herzog	\N	1	2018-12-15 00:43:57.757732	2018-12-15 00:43:57.757732	Doloremque voluptas occaecati rerum.	54
270	Mrs. Jed Shields	\N	4	2018-12-15 00:43:57.760096	2018-12-15 00:43:57.760096	Dolores fugiat et eius.	54
271	Lizeth Zemlak DDS	\N	2	2018-12-15 00:43:57.76259	2018-12-15 00:43:57.76259	Qui atque animi autem.	55
272	Louie Hagenes	\N	3	2018-12-15 00:43:57.764978	2018-12-15 00:43:57.764978	Et eveniet excepturi modi.	55
273	Santiago Hartmann	\N	4	2018-12-15 00:43:57.767291	2018-12-15 00:43:57.767291	Aut odit ullam facilis.	55
274	Lashawn Kuvalis	\N	1	2018-12-15 00:43:57.769534	2018-12-15 00:43:57.769534	Aut rem libero et.	55
275	Carmelo Dicki MD	\N	5	2018-12-15 00:43:57.771885	2018-12-15 00:43:57.771885	Ullam quasi excepturi consequatur.	55
276	Mickey Smitham	\N	1	2018-12-15 00:43:57.774321	2018-12-15 00:43:57.774321	Dolor aut sed cum.	56
277	Roger Reilly	\N	5	2018-12-15 00:43:57.776638	2018-12-15 00:43:57.776638	Sit molestiae est quis.	56
278	Ed Greenfelder	\N	5	2018-12-15 00:43:57.778948	2018-12-15 00:43:57.778948	Omnis ut harum omnis.	56
279	Jose Spencer	\N	2	2018-12-15 00:43:57.781324	2018-12-15 00:43:57.781324	Ratione perferendis reiciendis quibusdam.	56
280	Hassie Rogahn III	\N	3	2018-12-15 00:43:57.783679	2018-12-15 00:43:57.783679	Aliquid quas optio voluptatem.	56
281	Judie Glover	\N	2	2018-12-15 00:43:57.786299	2018-12-15 00:43:57.786299	Enim sequi quasi ut.	57
282	Carol Bergnaum	\N	5	2018-12-15 00:43:57.7889	2018-12-15 00:43:57.7889	Corrupti dicta voluptas et.	57
283	Cornelius Gusikowski	\N	2	2018-12-15 00:43:57.791266	2018-12-15 00:43:57.791266	Numquam necessitatibus corporis ut.	57
284	Adam Koepp III	\N	1	2018-12-15 00:43:57.793626	2018-12-15 00:43:57.793626	Et quis id mollitia.	57
285	Casey Rowe	\N	4	2018-12-15 00:43:57.796386	2018-12-15 00:43:57.796386	Pariatur neque temporibus repellat.	57
286	Walton Will	\N	3	2018-12-15 00:43:57.798999	2018-12-15 00:43:57.798999	Molestias dolorem reiciendis aut.	58
287	Mauricio MacGyver	\N	2	2018-12-15 00:43:57.801513	2018-12-15 00:43:57.801513	Sit placeat ut maiores.	58
288	Jackson Murray	\N	1	2018-12-15 00:43:57.804258	2018-12-15 00:43:57.804258	Voluptas ut fugit ut.	58
289	Brooks Williamson	\N	1	2018-12-15 00:43:57.806625	2018-12-15 00:43:57.806625	Perspiciatis vel molestias asperiores.	58
290	Barb Langworth	\N	1	2018-12-15 00:43:57.808944	2018-12-15 00:43:57.808944	Sit error aut sunt.	58
291	Deshawn Kuhic	\N	5	2018-12-15 00:43:57.811866	2018-12-15 00:43:57.811866	Autem sequi quibusdam ex.	59
292	Neal Kassulke	\N	5	2018-12-15 00:43:57.814983	2018-12-15 00:43:57.814983	Nulla nesciunt rerum quas.	59
293	Mrs. Sung Mueller	\N	3	2018-12-15 00:43:57.817927	2018-12-15 00:43:57.817927	Occaecati et modi sed.	59
294	Lynwood Boehm	\N	4	2018-12-15 00:43:57.820364	2018-12-15 00:43:57.820364	Voluptatem officia et voluptas.	59
295	Becki Kunze	\N	3	2018-12-15 00:43:57.822763	2018-12-15 00:43:57.822763	Et nemo eveniet facilis.	59
296	Dot Zulauf	\N	1	2018-12-15 00:43:57.825208	2018-12-15 00:43:57.825208	In impedit iure ut.	60
297	Deangelo Ward IV	\N	2	2018-12-15 00:43:57.827534	2018-12-15 00:43:57.827534	Voluptatem et odit animi.	60
298	Howard Wunsch PhD	\N	1	2018-12-15 00:43:57.829867	2018-12-15 00:43:57.829867	Aliquam dolor corrupti itaque.	60
299	Darryl Becker	\N	5	2018-12-15 00:43:57.832219	2018-12-15 00:43:57.832219	Eos ratione natus rem.	60
300	Allegra Brakus I	\N	2	2018-12-15 00:43:57.834681	2018-12-15 00:43:57.834681	Tempore aliquid doloremque quia.	60
301	Isaac Gulgowski	\N	2	2018-12-15 00:43:57.837276	2018-12-15 00:43:57.837276	Tempora quaerat earum vel.	61
302	Tad Miller Jr.	\N	4	2018-12-15 00:43:57.839684	2018-12-15 00:43:57.839684	Delectus ut mollitia perferendis.	61
303	Edwina Murazik	\N	3	2018-12-15 00:43:57.842183	2018-12-15 00:43:57.842183	Illum suscipit eaque deserunt.	61
304	Stefany Labadie	\N	3	2018-12-15 00:43:57.848684	2018-12-15 00:43:57.848684	Cupiditate minus quisquam nam.	61
305	Reinaldo Brakus	\N	2	2018-12-15 00:43:57.851265	2018-12-15 00:43:57.851265	Blanditiis minus quia nihil.	61
306	Miss Jerrold Lindgren	\N	5	2018-12-15 00:43:57.853937	2018-12-15 00:43:57.853937	Ipsum ex quos nobis.	62
307	Elwood Grimes	\N	5	2018-12-15 00:43:57.856737	2018-12-15 00:43:57.856737	Voluptas quam quibusdam et.	62
308	Irvin Roob	\N	1	2018-12-15 00:43:57.859877	2018-12-15 00:43:57.859877	Quia dolores ducimus iusto.	62
309	Marc Feest IV	\N	1	2018-12-15 00:43:57.862775	2018-12-15 00:43:57.862775	Illo qui pariatur dolores.	62
310	Bong Monahan Sr.	\N	2	2018-12-15 00:43:57.865374	2018-12-15 00:43:57.865374	Id eveniet non voluptatem.	62
311	Kenneth Champlin	\N	5	2018-12-15 00:43:57.868278	2018-12-15 00:43:57.868278	Repellat sunt necessitatibus aut.	63
312	Rochell Langosh	\N	3	2018-12-15 00:43:57.871149	2018-12-15 00:43:57.871149	Eius dolor nihil in.	63
313	Basil Senger	\N	1	2018-12-15 00:43:57.873757	2018-12-15 00:43:57.873757	Minima et neque qui.	63
314	Graig Kuhn	\N	5	2018-12-15 00:43:57.876076	2018-12-15 00:43:57.876076	Saepe repudiandae et nobis.	63
315	Casey Schmeler	\N	1	2018-12-15 00:43:57.878441	2018-12-15 00:43:57.878441	Fugiat iusto aperiam corporis.	63
316	Kaitlin Okuneva	\N	5	2018-12-15 00:43:57.880959	2018-12-15 00:43:57.880959	Dolores mollitia ut quidem.	64
317	Elwood Witting	\N	2	2018-12-15 00:43:57.88335	2018-12-15 00:43:57.88335	Minus quam temporibus inventore.	64
318	Micheal Simonis	\N	3	2018-12-15 00:43:57.885743	2018-12-15 00:43:57.885743	Illum cum nemo eos.	64
319	Virgen Kreiger	\N	3	2018-12-15 00:43:57.888083	2018-12-15 00:43:57.888083	Dolorum tempore qui voluptatem.	64
320	Mr. Tuan Champlin	\N	3	2018-12-15 00:43:57.890413	2018-12-15 00:43:57.890413	Est consectetur dolore eum.	64
321	Eldon Wehner IV	\N	1	2018-12-15 00:43:57.893114	2018-12-15 00:43:57.893114	Amet nihil totam laboriosam.	65
322	Amos Rutherford Sr.	\N	5	2018-12-15 00:43:57.895457	2018-12-15 00:43:57.895457	Et voluptas earum quibusdam.	65
323	William Fay	\N	2	2018-12-15 00:43:57.897785	2018-12-15 00:43:57.897785	Iste quasi cum a.	65
324	Garret Lemke DDS	\N	3	2018-12-15 00:43:57.900214	2018-12-15 00:43:57.900214	Et voluptate sed harum.	65
325	Moises Swaniawski	\N	1	2018-12-15 00:43:57.90257	2018-12-15 00:43:57.90257	Maiores voluptas minima iste.	65
326	Rigoberto Hudson	\N	1	2018-12-15 00:43:57.904995	2018-12-15 00:43:57.904995	Libero nobis voluptas nostrum.	66
327	Curt Corwin	\N	1	2018-12-15 00:43:57.907334	2018-12-15 00:43:57.907334	Quis nemo ea aspernatur.	66
328	Eleonor Williamson I	\N	3	2018-12-15 00:43:57.90973	2018-12-15 00:43:57.90973	Aliquam totam a delectus.	66
329	Rosendo Gutkowski II	\N	3	2018-12-15 00:43:57.912348	2018-12-15 00:43:57.912348	Repudiandae hic cupiditate non.	66
330	Carson Leffler	\N	4	2018-12-15 00:43:57.914655	2018-12-15 00:43:57.914655	Deserunt ab et eos.	66
331	Minna Swift	\N	4	2018-12-15 00:43:57.917233	2018-12-15 00:43:57.917233	Doloremque saepe voluptas eaque.	67
332	Alfonso Bailey	\N	4	2018-12-15 00:43:57.919553	2018-12-15 00:43:57.919553	A alias nam voluptates.	67
333	Millie Osinski	\N	3	2018-12-15 00:43:57.921853	2018-12-15 00:43:57.921853	Veritatis quia unde dicta.	67
334	Ms. Jame Padberg	\N	2	2018-12-15 00:43:57.924245	2018-12-15 00:43:57.924245	Facere dolor officia itaque.	67
335	Barry Abshire IV	\N	1	2018-12-15 00:43:57.926564	2018-12-15 00:43:57.926564	In quas voluptate omnis.	67
336	Dick Baumbach DVM	\N	2	2018-12-15 00:43:57.929026	2018-12-15 00:43:57.929026	Totam omnis fugit molestiae.	68
337	Lamont Kessler	\N	5	2018-12-15 00:43:57.931513	2018-12-15 00:43:57.931513	Aperiam sed ab recusandae.	68
338	Evan Volkman	\N	2	2018-12-15 00:43:57.933818	2018-12-15 00:43:57.933818	Quos quas eos voluptatum.	68
339	Fidelia Koelpin	\N	3	2018-12-15 00:43:57.936087	2018-12-15 00:43:57.936087	Perferendis error unde eum.	68
340	Odis King I	\N	4	2018-12-15 00:43:57.938429	2018-12-15 00:43:57.938429	Et vel architecto ex.	68
341	Dotty Runte III	\N	5	2018-12-15 00:43:57.94119	2018-12-15 00:43:57.94119	Neque ratione tempore consequuntur.	69
342	Ray Sawayn	\N	1	2018-12-15 00:43:57.943526	2018-12-15 00:43:57.943526	Neque maiores officiis et.	69
343	Pete Abshire DVM	\N	4	2018-12-15 00:43:57.945882	2018-12-15 00:43:57.945882	Quia necessitatibus molestiae cumque.	69
344	Frederick Rowe	\N	2	2018-12-15 00:43:57.948227	2018-12-15 00:43:57.948227	Voluptatibus quia ab et.	69
345	Lacy Corkery	\N	1	2018-12-15 00:43:57.950566	2018-12-15 00:43:57.950566	Accusantium facilis distinctio aperiam.	69
346	Trina Ondricka	\N	1	2018-12-15 00:43:57.953045	2018-12-15 00:43:57.953045	Corporis quia ut omnis.	70
347	Andre Herzog	\N	4	2018-12-15 00:43:57.95579	2018-12-15 00:43:57.95579	Dolores unde qui aut.	70
348	Mr. Sidney Rath	\N	2	2018-12-15 00:43:57.958737	2018-12-15 00:43:57.958737	Eum adipisci et reprehenderit.	70
349	Dr. Herbert Senger	\N	4	2018-12-15 00:43:57.961346	2018-12-15 00:43:57.961346	Sit exercitationem dignissimos minus.	70
350	Cher Lesch	\N	3	2018-12-15 00:43:57.964134	2018-12-15 00:43:57.964134	Accusantium voluptate quae cupiditate.	70
351	Brigitte Wolff DVM	\N	3	2018-12-15 00:43:57.967308	2018-12-15 00:43:57.967308	Provident beatae optio occaecati.	71
352	Ms. Jamison Hackett	\N	2	2018-12-15 00:43:57.969854	2018-12-15 00:43:57.969854	Non sint et libero.	71
353	Tory Stroman	\N	5	2018-12-15 00:43:57.972448	2018-12-15 00:43:57.972448	Dolores rerum ut a.	71
354	Claudio Marks	\N	3	2018-12-15 00:43:57.974809	2018-12-15 00:43:57.974809	Eligendi provident nihil ut.	71
355	Joaquin Langosh	\N	5	2018-12-15 00:43:57.977145	2018-12-15 00:43:57.977145	Soluta vero vitae dolor.	71
356	Willis Stark	\N	5	2018-12-15 00:43:57.980015	2018-12-15 00:43:57.980015	Vel dignissimos minus non.	72
357	Wilmer Glover	\N	3	2018-12-15 00:43:57.983164	2018-12-15 00:43:57.983164	Veritatis fugit voluptas nihil.	72
358	Mario Kris	\N	2	2018-12-15 00:43:57.985747	2018-12-15 00:43:57.985747	Error unde eius et.	72
359	Leon Thompson	\N	3	2018-12-15 00:43:57.988439	2018-12-15 00:43:57.988439	Mollitia explicabo blanditiis facilis.	72
360	Diego Hagenes	\N	1	2018-12-15 00:43:57.990826	2018-12-15 00:43:57.990826	Corrupti et non rerum.	72
361	Markus Veum	\N	1	2018-12-15 00:43:57.993229	2018-12-15 00:43:57.993229	Non omnis dolor reiciendis.	73
362	Mrs. Whitney Torphy	\N	5	2018-12-15 00:43:57.995601	2018-12-15 00:43:57.995601	Repellendus quasi vel voluptates.	73
363	Ha Stokes	\N	5	2018-12-15 00:43:57.998276	2018-12-15 00:43:57.998276	Modi ut dolorem quia.	73
364	Mrs. Britt Price	\N	4	2018-12-15 00:43:58.000603	2018-12-15 00:43:58.000603	Pariatur sit et sint.	73
365	Mr. Heike Considine	\N	4	2018-12-15 00:43:58.002935	2018-12-15 00:43:58.002935	Velit qui corrupti laudantium.	73
366	Leon Crona	\N	2	2018-12-15 00:43:58.005859	2018-12-15 00:43:58.005859	Ut rem voluptatem non.	74
367	Rodolfo Schmidt	\N	5	2018-12-15 00:43:58.008224	2018-12-15 00:43:58.008224	Nulla occaecati et rerum.	74
368	Kacey Douglas DDS	\N	3	2018-12-15 00:43:58.010581	2018-12-15 00:43:58.010581	Quia et illum cumque.	74
369	Kenia Kozey	\N	4	2018-12-15 00:43:58.013463	2018-12-15 00:43:58.013463	Eos quo nobis et.	74
370	Mrs. Rossie Homenick	\N	5	2018-12-15 00:43:58.015829	2018-12-15 00:43:58.015829	Earum enim natus nihil.	74
371	Bernard Lesch Sr.	\N	4	2018-12-15 00:43:58.0183	2018-12-15 00:43:58.0183	A perferendis qui et.	75
372	Robbie Murray II	\N	5	2018-12-15 00:43:58.020885	2018-12-15 00:43:58.020885	Minus est illo explicabo.	75
373	Gabrielle Ziemann I	\N	1	2018-12-15 00:43:58.023746	2018-12-15 00:43:58.023746	Quia vero exercitationem assumenda.	75
374	Derrick Erdman	\N	5	2018-12-15 00:43:58.026355	2018-12-15 00:43:58.026355	Esse aut dignissimos temporibus.	75
375	Timmy Conroy	\N	5	2018-12-15 00:43:58.029069	2018-12-15 00:43:58.029069	Hic molestiae impedit repudiandae.	75
376	Shayna Rice	\N	4	2018-12-15 00:43:58.032214	2018-12-15 00:43:58.032214	Voluptatem fugiat nulla dolorem.	76
377	Charlotte Walter	\N	2	2018-12-15 00:43:58.034769	2018-12-15 00:43:58.034769	Neque fuga ipsa ipsum.	76
378	Eliz Reilly DDS	\N	4	2018-12-15 00:43:58.037561	2018-12-15 00:43:58.037561	Dolor consequatur maxime eum.	76
379	Phil Douglas IV	\N	2	2018-12-15 00:43:58.040049	2018-12-15 00:43:58.040049	Voluptas quibusdam exercitationem sunt.	76
380	Miss Joshua Wiza	\N	5	2018-12-15 00:43:58.042502	2018-12-15 00:43:58.042502	Optio debitis explicabo distinctio.	76
381	Millard Vandervort	\N	3	2018-12-15 00:43:58.045476	2018-12-15 00:43:58.045476	Omnis dolores modi sequi.	77
382	Miss Stephania Wunsch	\N	3	2018-12-15 00:43:58.047957	2018-12-15 00:43:58.047957	Minus impedit eos occaecati.	77
383	Rebekah Kuhn	\N	2	2018-12-15 00:43:58.050264	2018-12-15 00:43:58.050264	Corrupti ut molestias ut.	77
384	Benita Lindgren DDS	\N	1	2018-12-15 00:43:58.053147	2018-12-15 00:43:58.053147	Saepe excepturi maiores quae.	77
385	Lavera Grimes	\N	4	2018-12-15 00:43:58.055579	2018-12-15 00:43:58.055579	Eaque velit et maiores.	77
386	Chanel Fay	\N	3	2018-12-15 00:43:58.057923	2018-12-15 00:43:58.057923	Ut doloribus magnam consectetur.	78
387	Mrs. Christopher Smitham	\N	1	2018-12-15 00:43:58.060623	2018-12-15 00:43:58.060623	Quod autem nulla harum.	78
388	Lonny Schiller	\N	5	2018-12-15 00:43:58.063122	2018-12-15 00:43:58.063122	Voluptatem non magnam neque.	78
389	Ossie Mills	\N	5	2018-12-15 00:43:58.066171	2018-12-15 00:43:58.066171	Velit itaque culpa adipisci.	78
390	Richie Blanda	\N	3	2018-12-15 00:43:58.068888	2018-12-15 00:43:58.068888	Facere magnam velit quae.	78
391	Fredrick Stroman IV	\N	1	2018-12-15 00:43:58.071528	2018-12-15 00:43:58.071528	Aut doloremque alias sint.	79
392	Ahmad Miller	\N	5	2018-12-15 00:43:58.07382	2018-12-15 00:43:58.07382	Cum voluptatem est odio.	79
393	Danilo Gorczany	\N	2	2018-12-15 00:43:58.076653	2018-12-15 00:43:58.076653	Sequi et earum qui.	79
394	Dr. Misty Boyle	\N	4	2018-12-15 00:43:58.079132	2018-12-15 00:43:58.079132	Deserunt nisi et ut.	79
395	Truman Harvey II	\N	3	2018-12-15 00:43:58.081555	2018-12-15 00:43:58.081555	Autem aperiam id et.	79
396	Eddie Lehner	\N	5	2018-12-15 00:43:58.084565	2018-12-15 00:43:58.084565	Unde veniam nesciunt inventore.	80
397	Caren Mertz	\N	5	2018-12-15 00:43:58.087096	2018-12-15 00:43:58.087096	Iste aut qui quia.	80
398	Lekisha Beier	\N	3	2018-12-15 00:43:58.089431	2018-12-15 00:43:58.089431	Beatae est suscipit nemo.	80
399	Miss Lecia Hudson	\N	3	2018-12-15 00:43:58.092043	2018-12-15 00:43:58.092043	Provident temporibus recusandae itaque.	80
400	Oleta Mraz	\N	1	2018-12-15 00:43:58.094664	2018-12-15 00:43:58.094664	Vel incidunt in voluptatibus.	80
401	Walton Harvey	\N	3	2018-12-15 00:43:58.097212	2018-12-15 00:43:58.097212	Sunt minus consequuntur libero.	81
402	Rosamond Skiles MD	\N	4	2018-12-15 00:43:58.099632	2018-12-15 00:43:58.099632	Numquam non quos reprehenderit.	81
403	Gladys Langosh IV	\N	1	2018-12-15 00:43:58.102432	2018-12-15 00:43:58.102432	Eius modi quidem porro.	81
404	Amy Bernier	\N	3	2018-12-15 00:43:58.10477	2018-12-15 00:43:58.10477	Delectus ipsa quidem id.	81
405	Son Friesen	\N	2	2018-12-15 00:43:58.107105	2018-12-15 00:43:58.107105	Qui est nostrum exercitationem.	81
406	Asha McKenzie	\N	2	2018-12-15 00:43:58.109984	2018-12-15 00:43:58.109984	Culpa qui quisquam repellendus.	82
407	Grover Walter	\N	4	2018-12-15 00:43:58.112392	2018-12-15 00:43:58.112392	Eaque quas voluptatem et.	82
408	Scot Harber	\N	1	2018-12-15 00:43:58.114739	2018-12-15 00:43:58.114739	Nemo velit ut sint.	82
409	Cleveland Weissnat	\N	2	2018-12-15 00:43:58.117707	2018-12-15 00:43:58.117707	Qui omnis voluptatem architecto.	82
410	Rene Quitzon	\N	2	2018-12-15 00:43:58.12003	2018-12-15 00:43:58.12003	Dolorem et nemo facere.	82
411	Glendora Ernser	\N	2	2018-12-15 00:43:58.122468	2018-12-15 00:43:58.122468	Voluptas aut exercitationem et.	83
412	Wade Boyer	\N	4	2018-12-15 00:43:58.125208	2018-12-15 00:43:58.125208	Nihil quia cupiditate atque.	83
413	Willodean Von	\N	5	2018-12-15 00:43:58.12762	2018-12-15 00:43:58.12762	Consequuntur nihil sapiente ab.	83
414	Nelia Zemlak	\N	2	2018-12-15 00:43:58.129953	2018-12-15 00:43:58.129953	Corporis quisquam maxime totam.	83
415	Rubi McKenzie PhD	\N	5	2018-12-15 00:43:58.133165	2018-12-15 00:43:58.133165	Quis adipisci et autem.	83
416	Otto Luettgen	\N	2	2018-12-15 00:43:58.135718	2018-12-15 00:43:58.135718	Sint harum asperiores voluptatem.	84
417	Micheal Dare	\N	3	2018-12-15 00:43:58.138056	2018-12-15 00:43:58.138056	Qui sit id aliquam.	84
418	Marg Morar	\N	3	2018-12-15 00:43:58.140805	2018-12-15 00:43:58.140805	Eveniet praesentium amet rem.	84
419	Miss Marguerite Schuppe	\N	2	2018-12-15 00:43:58.143348	2018-12-15 00:43:58.143348	Non facilis inventore voluptatem.	84
420	Ms. Mora Dare	\N	4	2018-12-15 00:43:58.145778	2018-12-15 00:43:58.145778	Ea et in nulla.	84
421	Bud Collier	\N	2	2018-12-15 00:43:58.149474	2018-12-15 00:43:58.149474	Et veniam eos eaque.	85
422	Demetrius West III	\N	2	2018-12-15 00:43:58.151984	2018-12-15 00:43:58.151984	Veritatis et qui eaque.	85
423	Fredric Wolf	\N	2	2018-12-15 00:43:58.154676	2018-12-15 00:43:58.154676	Ut laborum odio rerum.	85
424	Mrs. Chase Kshlerin	\N	3	2018-12-15 00:43:58.157415	2018-12-15 00:43:58.157415	Qui vero repudiandae deserunt.	85
425	Brice Zemlak	\N	4	2018-12-15 00:43:58.15985	2018-12-15 00:43:58.15985	Dolorem officiis autem aspernatur.	85
426	Miss Charita Trantow	\N	5	2018-12-15 00:43:58.162803	2018-12-15 00:43:58.162803	Vero rem unde atque.	86
427	Kelvin Will	\N	4	2018-12-15 00:43:58.165762	2018-12-15 00:43:58.165762	Totam est at tempora.	86
428	Li Labadie	\N	4	2018-12-15 00:43:58.168142	2018-12-15 00:43:58.168142	Voluptas distinctio doloremque et.	86
429	Raymond Schaefer	\N	5	2018-12-15 00:43:58.170456	2018-12-15 00:43:58.170456	Voluptatum est est asperiores.	86
430	Etta Ortiz	\N	3	2018-12-15 00:43:58.173125	2018-12-15 00:43:58.173125	Voluptate magni optio molestiae.	86
431	Sal Rowe III	\N	2	2018-12-15 00:43:58.175904	2018-12-15 00:43:58.175904	Enim autem dolorem ipsam.	87
432	Jae Denesik	\N	1	2018-12-15 00:43:58.178418	2018-12-15 00:43:58.178418	Aut velit blanditiis voluptates.	87
433	Kyra Dicki	\N	2	2018-12-15 00:43:58.181271	2018-12-15 00:43:58.181271	Aliquam laudantium non nisi.	87
434	Carylon Hoeger PhD	\N	1	2018-12-15 00:43:58.184091	2018-12-15 00:43:58.184091	Reiciendis voluptatem molestiae in.	87
435	Clinton Murray	\N	1	2018-12-15 00:43:58.186574	2018-12-15 00:43:58.186574	Non rerum ipsa recusandae.	87
436	Shenna Strosin	\N	2	2018-12-15 00:43:58.189402	2018-12-15 00:43:58.189402	Qui rem vitae et.	88
437	Avis Schamberger	\N	1	2018-12-15 00:43:58.191696	2018-12-15 00:43:58.191696	Sunt et ipsum quo.	88
438	Regan Rutherford	\N	2	2018-12-15 00:43:58.193863	2018-12-15 00:43:58.193863	Sit vero expedita ipsum.	88
439	Azucena Romaguera	\N	5	2018-12-15 00:43:58.196543	2018-12-15 00:43:58.196543	Consectetur adipisci voluptatem et.	88
440	Cody Wiegand	\N	2	2018-12-15 00:43:58.198951	2018-12-15 00:43:58.198951	Quo perferendis sed quo.	88
441	Matthew Larkin	\N	2	2018-12-15 00:43:58.201243	2018-12-15 00:43:58.201243	Quia officia aperiam dolorem.	89
442	Zula Rogahn	\N	1	2018-12-15 00:43:58.203772	2018-12-15 00:43:58.203772	Enim facilis eos ut.	89
443	Stephen Thiel	\N	1	2018-12-15 00:43:58.206128	2018-12-15 00:43:58.206128	Ea quae aut voluptatibus.	89
444	Isaac Crona Jr.	\N	2	2018-12-15 00:43:58.208378	2018-12-15 00:43:58.208378	Explicabo veritatis rem perspiciatis.	89
445	Alphonso Hodkiewicz II	\N	3	2018-12-15 00:43:58.210825	2018-12-15 00:43:58.210825	Iure consequatur voluptatem aut.	89
446	Dr. Troy Cremin	\N	2	2018-12-15 00:43:58.213459	2018-12-15 00:43:58.213459	Amet velit dolorem laborum.	90
447	Roger Gulgowski	\N	3	2018-12-15 00:43:58.215674	2018-12-15 00:43:58.215674	Est esse quia provident.	90
448	Gabriel Turner	\N	1	2018-12-15 00:43:58.217829	2018-12-15 00:43:58.217829	Ipsa facere provident et.	90
449	Mr. Cassidy Boehm	\N	3	2018-12-15 00:43:58.220186	2018-12-15 00:43:58.220186	Non sed esse molestiae.	90
450	Dr. Dwayne Roberts	\N	5	2018-12-15 00:43:58.222398	2018-12-15 00:43:58.222398	Eveniet quod quae atque.	90
451	Isadora Bosco	\N	4	2018-12-15 00:43:58.224692	2018-12-15 00:43:58.224692	Et iste nam et.	91
452	Kelly Shanahan Jr.	\N	3	2018-12-15 00:43:58.227057	2018-12-15 00:43:58.227057	Inventore aut dolor necessitatibus.	91
453	Tiffiny Mueller I	\N	4	2018-12-15 00:43:58.229293	2018-12-15 00:43:58.229293	Adipisci blanditiis commodi possimus.	91
454	Herbert Ritchie	\N	1	2018-12-15 00:43:58.23154	2018-12-15 00:43:58.23154	Ex quisquam quasi et.	91
455	Qiana Beatty	\N	5	2018-12-15 00:43:58.233699	2018-12-15 00:43:58.233699	Distinctio est veniam minima.	91
456	Isidra Hickle	\N	4	2018-12-15 00:43:58.236156	2018-12-15 00:43:58.236156	Rem libero sit explicabo.	92
457	Bradford Abernathy	\N	5	2018-12-15 00:43:58.238383	2018-12-15 00:43:58.238383	Vel modi omnis harum.	92
458	Joey Gusikowski	\N	5	2018-12-15 00:43:58.241056	2018-12-15 00:43:58.241056	Et repudiandae pariatur recusandae.	92
459	Mr. Cyndy Kessler	\N	1	2018-12-15 00:43:58.243371	2018-12-15 00:43:58.243371	Distinctio sunt doloremque quam.	92
460	Maxine Schmitt	\N	5	2018-12-15 00:43:58.245593	2018-12-15 00:43:58.245593	Ipsa autem quos repellat.	92
461	Donny Nicolas	\N	3	2018-12-15 00:43:58.248227	2018-12-15 00:43:58.248227	Sapiente ab fugiat sed.	93
462	Tory Bogisich	\N	4	2018-12-15 00:43:58.250454	2018-12-15 00:43:58.250454	Est laboriosam explicabo quis.	93
463	Lynetta Connelly	\N	5	2018-12-15 00:43:58.252758	2018-12-15 00:43:58.252758	Dolorem ullam sed impedit.	93
464	Calvin Hettinger	\N	5	2018-12-15 00:43:58.255141	2018-12-15 00:43:58.255141	Aut autem illum voluptatem.	93
465	Cheree Champlin	\N	5	2018-12-15 00:43:58.257384	2018-12-15 00:43:58.257384	Placeat quae commodi voluptates.	93
466	Kareen Farrell	\N	3	2018-12-15 00:43:58.259755	2018-12-15 00:43:58.259755	Exercitationem eius consequatur ex.	94
467	Willian Ullrich MD	\N	4	2018-12-15 00:43:58.261986	2018-12-15 00:43:58.261986	Possimus dolor sed quia.	94
468	Robin Hermiston DVM	\N	4	2018-12-15 00:43:58.264249	2018-12-15 00:43:58.264249	Et tempore pariatur voluptas.	94
469	Milissa Hilll PhD	\N	5	2018-12-15 00:43:58.266494	2018-12-15 00:43:58.266494	Impedit aut sed laudantium.	94
470	Humberto Rippin	\N	3	2018-12-15 00:43:58.26869	2018-12-15 00:43:58.26869	Placeat consequatur et explicabo.	94
471	Miss Coleman Simonis	\N	3	2018-12-15 00:43:58.271142	2018-12-15 00:43:58.271142	Porro nostrum totam ad.	95
472	Evan Smitham MD	\N	1	2018-12-15 00:43:58.273347	2018-12-15 00:43:58.273347	Distinctio sapiente exercitationem veniam.	95
473	Mrs. Bertie Hansen	\N	5	2018-12-15 00:43:58.275552	2018-12-15 00:43:58.275552	Quia a nisi sunt.	95
474	Arleen Spencer III	\N	4	2018-12-15 00:43:58.277718	2018-12-15 00:43:58.277718	Perferendis ut saepe ut.	95
475	Charise Orn MD	\N	2	2018-12-15 00:43:58.280007	2018-12-15 00:43:58.280007	Quo temporibus officia vel.	95
476	Lauren DuBuque	\N	5	2018-12-15 00:43:58.282743	2018-12-15 00:43:58.282743	Minima temporibus qui reprehenderit.	96
477	Hector Lemke	\N	1	2018-12-15 00:43:58.285134	2018-12-15 00:43:58.285134	Consequatur adipisci in voluptatum.	96
478	Ilda Koss	\N	1	2018-12-15 00:43:58.289221	2018-12-15 00:43:58.289221	Ea ut quidem perspiciatis.	96
479	Denise Haley	\N	2	2018-12-15 00:43:58.292719	2018-12-15 00:43:58.292719	Asperiores est sit deleniti.	96
480	Miss Norbert Balistreri	\N	3	2018-12-15 00:43:58.300031	2018-12-15 00:43:58.300031	In sed ea unde.	96
481	Toby Hermiston	\N	4	2018-12-15 00:43:58.302528	2018-12-15 00:43:58.302528	Ab sunt commodi voluptates.	97
482	Miss Branden Baumbach	\N	4	2018-12-15 00:43:58.304883	2018-12-15 00:43:58.304883	Et iusto error sunt.	97
483	Kathyrn Schroeder III	\N	3	2018-12-15 00:43:58.307221	2018-12-15 00:43:58.307221	Error velit repudiandae aliquid.	97
484	Ozell Kertzmann	\N	1	2018-12-15 00:43:58.309524	2018-12-15 00:43:58.309524	Eum qui dolores nemo.	97
485	Debbi Schuppe	\N	3	2018-12-15 00:43:58.311799	2018-12-15 00:43:58.311799	Nulla ea quam impedit.	97
486	Ms. Gia Hane	\N	2	2018-12-15 00:43:58.314563	2018-12-15 00:43:58.314563	Commodi ut sed natus.	98
487	Kellye Donnelly	\N	1	2018-12-15 00:43:58.316973	2018-12-15 00:43:58.316973	Maxime non quaerat sint.	98
488	Eldon McKenzie	\N	5	2018-12-15 00:43:58.319303	2018-12-15 00:43:58.319303	In molestias molestiae eos.	98
489	Loree Rempel	\N	1	2018-12-15 00:43:58.321625	2018-12-15 00:43:58.321625	Veritatis tempora et expedita.	98
490	Miss Ariel Flatley	\N	4	2018-12-15 00:43:58.323971	2018-12-15 00:43:58.323971	Voluptatem odio quidem distinctio.	98
491	Olevia Kemmer	\N	2	2018-12-15 00:43:58.326415	2018-12-15 00:43:58.326415	Consequatur voluptatem molestiae magni.	99
492	Philomena Morissette	\N	2	2018-12-15 00:43:58.328736	2018-12-15 00:43:58.328736	Excepturi facere qui incidunt.	99
493	Porfirio Fisher	\N	4	2018-12-15 00:43:58.331118	2018-12-15 00:43:58.331118	Ut hic voluptas totam.	99
494	Mr. Clyde Schulist	\N	4	2018-12-15 00:43:58.333351	2018-12-15 00:43:58.333351	Voluptatibus nobis error iste.	99
495	Jenice Ortiz	\N	5	2018-12-15 00:43:58.335674	2018-12-15 00:43:58.335674	Sint autem corrupti pariatur.	99
496	Kristopher Hand	\N	3	2018-12-15 00:43:58.338108	2018-12-15 00:43:58.338108	Et cupiditate voluptas dolores.	100
497	Tod Zboncak	\N	1	2018-12-15 00:43:58.340431	2018-12-15 00:43:58.340431	Sed voluptatum recusandae nostrum.	100
498	Ms. Jeffry Romaguera	\N	4	2018-12-15 00:43:58.342754	2018-12-15 00:43:58.342754	Non et corrupti odit.	100
499	Zachary Rolfson	\N	2	2018-12-15 00:43:58.34502	2018-12-15 00:43:58.34502	Ab dolorum recusandae ut.	100
500	Miss Ben Ziemann	\N	5	2018-12-15 00:43:58.347457	2018-12-15 00:43:58.347457	Dolor eaque tenetur quae.	100
501	Miss Marcelene Fadel	\N	4	2018-12-15 00:43:58.349937	2018-12-15 00:43:58.349937	Non quidem voluptas reprehenderit.	101
502	Andy Weber	\N	2	2018-12-15 00:43:58.352238	2018-12-15 00:43:58.352238	Voluptatem nisi dolores quia.	101
503	Regine Marquardt	\N	5	2018-12-15 00:43:58.355178	2018-12-15 00:43:58.355178	Ea ipsam id a.	101
504	Yaeko Beahan I	\N	5	2018-12-15 00:43:58.357565	2018-12-15 00:43:58.357565	Est minima consequuntur expedita.	101
505	Norah Baumbach	\N	4	2018-12-15 00:43:58.360103	2018-12-15 00:43:58.360103	Inventore id ea accusamus.	101
506	Bridgette Heaney	\N	4	2018-12-15 00:43:58.362595	2018-12-15 00:43:58.362595	Ullam sunt illo quod.	102
507	Fredda Huel	\N	1	2018-12-15 00:43:58.36493	2018-12-15 00:43:58.36493	Consequatur quibusdam quae id.	102
508	Paris Maggio	\N	4	2018-12-15 00:43:58.367233	2018-12-15 00:43:58.367233	Ab voluptatibus ut neque.	102
509	Twana Muller	\N	4	2018-12-15 00:43:58.369535	2018-12-15 00:43:58.369535	Dolore quod a molestiae.	102
510	Henry Rowe	\N	2	2018-12-15 00:43:58.371712	2018-12-15 00:43:58.371712	Minima autem velit dolorem.	102
511	Andreas Goyette	\N	1	2018-12-15 00:43:58.374145	2018-12-15 00:43:58.374145	Omnis assumenda molestias similique.	103
512	Judie Upton DDS	\N	3	2018-12-15 00:43:58.376484	2018-12-15 00:43:58.376484	At consectetur et qui.	103
513	Tristan Corwin	\N	5	2018-12-15 00:43:58.378789	2018-12-15 00:43:58.378789	Cumque cum rem sint.	103
514	Jimmie Langosh Sr.	\N	2	2018-12-15 00:43:58.381168	2018-12-15 00:43:58.381168	Doloremque excepturi qui quidem.	103
515	Mr. Taylor Davis	\N	3	2018-12-15 00:43:58.383477	2018-12-15 00:43:58.383477	Fugiat blanditiis ut quia.	103
516	Mrs. Augustine Toy	\N	5	2018-12-15 00:43:58.385988	2018-12-15 00:43:58.385988	Quos quod nihil sit.	104
517	Della Langosh Jr.	\N	4	2018-12-15 00:43:58.388318	2018-12-15 00:43:58.388318	Consequuntur voluptatem aperiam cumque.	104
518	Robbyn McGlynn	\N	4	2018-12-15 00:43:58.391181	2018-12-15 00:43:58.391181	Accusamus illo quo qui.	104
519	Temple Kuhic Sr.	\N	5	2018-12-15 00:43:58.393701	2018-12-15 00:43:58.393701	Voluptas deserunt adipisci maiores.	104
520	Drucilla Brown IV	\N	4	2018-12-15 00:43:58.396111	2018-12-15 00:43:58.396111	Qui vel iure corrupti.	104
521	Suzette Reynolds	\N	3	2018-12-15 00:43:58.398629	2018-12-15 00:43:58.398629	Illo non animi est.	105
522	Rodney Thompson I	\N	2	2018-12-15 00:43:58.401092	2018-12-15 00:43:58.401092	Voluptates nostrum qui voluptas.	105
523	Brant Ledner Jr.	\N	4	2018-12-15 00:43:58.403475	2018-12-15 00:43:58.403475	Sequi consequatur dolore voluptas.	105
524	Hermina Kunde	\N	2	2018-12-15 00:43:58.40577	2018-12-15 00:43:58.40577	Accusantium repellat omnis est.	105
525	Royce Gottlieb DVM	\N	1	2018-12-15 00:43:58.408112	2018-12-15 00:43:58.408112	Voluptas itaque aut in.	105
526	Belva Mante	\N	3	2018-12-15 00:43:58.410554	2018-12-15 00:43:58.410554	Et minus ipsam doloribus.	106
527	Pandora Ferry	\N	2	2018-12-15 00:43:58.412861	2018-12-15 00:43:58.412861	Officiis sit voluptatibus numquam.	106
528	Juli McLaughlin	\N	1	2018-12-15 00:43:58.415247	2018-12-15 00:43:58.415247	Dolor excepturi dicta natus.	106
529	Georgianna Hegmann	\N	3	2018-12-15 00:43:58.417583	2018-12-15 00:43:58.417583	Voluptatem nemo accusamus cumque.	106
530	Zoraida Hegmann	\N	3	2018-12-15 00:43:58.419858	2018-12-15 00:43:58.419858	Aliquid corrupti sint ratione.	106
531	Audie Haag	\N	2	2018-12-15 00:43:58.422325	2018-12-15 00:43:58.422325	Non et magni placeat.	107
532	Sang Raynor	\N	3	2018-12-15 00:43:58.424612	2018-12-15 00:43:58.424612	Assumenda corrupti sint quaerat.	107
533	Blair Cassin DVM	\N	5	2018-12-15 00:43:58.426927	2018-12-15 00:43:58.426927	Cum perspiciatis tempore vel.	107
534	Temple Price	\N	2	2018-12-15 00:43:58.429129	2018-12-15 00:43:58.429129	Dicta culpa accusamus non.	107
535	Enid Stehr	\N	4	2018-12-15 00:43:58.43148	2018-12-15 00:43:58.43148	Est sint id sequi.	107
536	Pablo O'Conner	\N	5	2018-12-15 00:43:58.433907	2018-12-15 00:43:58.433907	Deserunt saepe voluptatem distinctio.	108
537	Yasuko Luettgen	\N	5	2018-12-15 00:43:58.436253	2018-12-15 00:43:58.436253	Soluta nesciunt quibusdam excepturi.	108
538	Eddie Howe	\N	5	2018-12-15 00:43:58.438528	2018-12-15 00:43:58.438528	Optio dolorem doloribus quibusdam.	108
539	Adelaida Spencer	\N	3	2018-12-15 00:43:58.440819	2018-12-15 00:43:58.440819	Alias voluptas dicta voluptatum.	108
540	Kecia Bode DDS	\N	2	2018-12-15 00:43:58.443097	2018-12-15 00:43:58.443097	Qui libero fugiat sapiente.	108
541	Alvin Yost	\N	3	2018-12-15 00:43:58.445582	2018-12-15 00:43:58.445582	Sed consequatur iusto quia.	109
542	Rodney Smith	\N	3	2018-12-15 00:43:58.447877	2018-12-15 00:43:58.447877	Ipsum dicta expedita adipisci.	109
543	Zachariah Maggio	\N	4	2018-12-15 00:43:58.450284	2018-12-15 00:43:58.450284	Provident iusto et totam.	109
544	Krystle Nitzsche	\N	3	2018-12-15 00:43:58.453203	2018-12-15 00:43:58.453203	Inventore molestias animi voluptatibus.	109
545	Vikki Kunze	\N	3	2018-12-15 00:43:58.456165	2018-12-15 00:43:58.456165	Hic quia qui minima.	109
546	Erasmo Mosciski	\N	4	2018-12-15 00:43:58.459204	2018-12-15 00:43:58.459204	Qui adipisci et et.	110
547	Kris Rath	\N	4	2018-12-15 00:43:58.461433	2018-12-15 00:43:58.461433	Voluptas consectetur quaerat officiis.	110
548	Arletta Walter MD	\N	1	2018-12-15 00:43:58.463652	2018-12-15 00:43:58.463652	Non est est ut.	110
549	Ms. See Gleichner	\N	1	2018-12-15 00:43:58.465884	2018-12-15 00:43:58.465884	Quia pariatur et voluptatem.	110
550	Love Ortiz	\N	2	2018-12-15 00:43:58.468048	2018-12-15 00:43:58.468048	Velit totam voluptas maxime.	110
551	Troy McGlynn	\N	1	2018-12-15 00:43:58.47036	2018-12-15 00:43:58.47036	Debitis reprehenderit dolores aut.	111
552	Nova Daugherty MD	\N	4	2018-12-15 00:43:58.472557	2018-12-15 00:43:58.472557	Quisquam repellendus ipsum aspernatur.	111
553	Johnny Rutherford	\N	5	2018-12-15 00:43:58.47475	2018-12-15 00:43:58.47475	Voluptatem sed fugit nulla.	111
554	Anthony Mitchell	\N	2	2018-12-15 00:43:58.476892	2018-12-15 00:43:58.476892	Possimus quis in qui.	111
555	Donnie Ziemann	\N	5	2018-12-15 00:43:58.479047	2018-12-15 00:43:58.479047	In ut sint non.	111
556	Kelley Stroman PhD	\N	3	2018-12-15 00:43:58.4814	2018-12-15 00:43:58.4814	Cumque mollitia harum sit.	112
557	Horacio Gaylord	\N	1	2018-12-15 00:43:58.483578	2018-12-15 00:43:58.483578	Quia qui et ullam.	112
558	Arleen Hammes IV	\N	3	2018-12-15 00:43:58.48575	2018-12-15 00:43:58.48575	Provident perspiciatis consequuntur reprehenderit.	112
559	Dr. Donovan Lehner	\N	4	2018-12-15 00:43:58.487982	2018-12-15 00:43:58.487982	Molestiae alias ut nemo.	112
560	Marcel Hane	\N	4	2018-12-15 00:43:58.49015	2018-12-15 00:43:58.49015	Sint voluptas impedit qui.	112
561	Mac Hirthe I	\N	2	2018-12-15 00:43:58.492463	2018-12-15 00:43:58.492463	Architecto id omnis qui.	113
562	Sachiko Runolfsdottir	\N	1	2018-12-15 00:43:58.4946	2018-12-15 00:43:58.4946	Nihil neque sed corrupti.	113
563	Elnora Dickens	\N	4	2018-12-15 00:43:58.496779	2018-12-15 00:43:58.496779	Natus quasi corporis ut.	113
564	Clinton Glover	\N	2	2018-12-15 00:43:58.498964	2018-12-15 00:43:58.498964	Voluptate rerum sint vel.	113
565	Hildegarde Heaney I	\N	2	2018-12-15 00:43:58.501115	2018-12-15 00:43:58.501115	Voluptates animi quo odit.	113
566	Monica Bayer	\N	1	2018-12-15 00:43:58.503423	2018-12-15 00:43:58.503423	Vero labore dolorem fugiat.	114
567	Mohammad Jacobson	\N	2	2018-12-15 00:43:58.505673	2018-12-15 00:43:58.505673	Explicabo voluptatem ut alias.	114
568	Danilo Koch	\N	2	2018-12-15 00:43:58.508092	2018-12-15 00:43:58.508092	Deserunt debitis necessitatibus recusandae.	114
569	Romona Labadie	\N	2	2018-12-15 00:43:58.510252	2018-12-15 00:43:58.510252	Omnis libero dolorem vitae.	114
570	Ulysses Hayes	\N	4	2018-12-15 00:43:58.51244	2018-12-15 00:43:58.51244	Qui officia magni maiores.	114
571	Eulalia Raynor	\N	2	2018-12-15 00:43:58.514769	2018-12-15 00:43:58.514769	Ratione qui et itaque.	115
572	Echo Rolfson	\N	5	2018-12-15 00:43:58.516946	2018-12-15 00:43:58.516946	Mollitia ea totam ipsa.	115
573	Annalisa Fadel	\N	5	2018-12-15 00:43:58.519162	2018-12-15 00:43:58.519162	Sed esse et non.	115
574	Robin Wiegand DVM	\N	3	2018-12-15 00:43:58.521385	2018-12-15 00:43:58.521385	Sint ut atque labore.	115
575	Tiara Cremin DVM	\N	1	2018-12-15 00:43:58.523576	2018-12-15 00:43:58.523576	Laboriosam qui dolorum sint.	115
576	Jordan Macejkovic	\N	5	2018-12-15 00:43:58.525929	2018-12-15 00:43:58.525929	Quis occaecati enim numquam.	116
577	Britteny Nitzsche	\N	2	2018-12-15 00:43:58.528102	2018-12-15 00:43:58.528102	Repellat ex quia eaque.	116
578	Rhoda Thiel	\N	4	2018-12-15 00:43:58.530319	2018-12-15 00:43:58.530319	Voluptas quia et cumque.	116
579	Taina Rippin	\N	3	2018-12-15 00:43:58.532456	2018-12-15 00:43:58.532456	Inventore omnis vel nobis.	116
580	Elden Haag II	\N	5	2018-12-15 00:43:58.534687	2018-12-15 00:43:58.534687	Natus asperiores magnam ut.	116
581	Sondra Carter	\N	5	2018-12-15 00:43:58.537066	2018-12-15 00:43:58.537066	Commodi officia sit molestiae.	117
582	Loris Johnson	\N	5	2018-12-15 00:43:58.539294	2018-12-15 00:43:58.539294	Aperiam ut ad vitae.	117
583	Carlo Abshire IV	\N	2	2018-12-15 00:43:58.541475	2018-12-15 00:43:58.541475	Dolorum eum ut sunt.	117
584	Denna Tromp	\N	2	2018-12-15 00:43:58.543658	2018-12-15 00:43:58.543658	Recusandae provident ut nemo.	117
585	Jenise Beier	\N	2	2018-12-15 00:43:58.545825	2018-12-15 00:43:58.545825	Quidem eius et blanditiis.	117
586	Wm Powlowski	\N	5	2018-12-15 00:43:58.548212	2018-12-15 00:43:58.548212	Magnam at aspernatur totam.	118
587	Demetrius Murazik	\N	5	2018-12-15 00:43:58.550634	2018-12-15 00:43:58.550634	Itaque qui at aspernatur.	118
588	Lyle Parker	\N	3	2018-12-15 00:43:58.552827	2018-12-15 00:43:58.552827	Repellendus quis eius reprehenderit.	118
589	Willian Feest	\N	2	2018-12-15 00:43:58.555272	2018-12-15 00:43:58.555272	Aut iusto sunt voluptatem.	118
590	Warner Koch	\N	3	2018-12-15 00:43:58.557582	2018-12-15 00:43:58.557582	Nisi est et ut.	118
591	Clayton Reinger	\N	1	2018-12-15 00:43:58.559915	2018-12-15 00:43:58.559915	Est assumenda voluptate deserunt.	119
592	Iona Fadel	\N	4	2018-12-15 00:43:58.562093	2018-12-15 00:43:58.562093	Quas officiis quia sint.	119
593	Delilah Klocko III	\N	1	2018-12-15 00:43:58.564368	2018-12-15 00:43:58.564368	Voluptas occaecati iure velit.	119
594	Clement Heller	\N	2	2018-12-15 00:43:58.566673	2018-12-15 00:43:58.566673	Amet non esse rem.	119
595	Dale Kuhn	\N	3	2018-12-15 00:43:58.568925	2018-12-15 00:43:58.568925	Omnis consequatur ut explicabo.	119
596	Mrs. Christa Nicolas	\N	3	2018-12-15 00:43:58.571354	2018-12-15 00:43:58.571354	Delectus quia id sed.	120
597	Galen Weimann IV	\N	3	2018-12-15 00:43:58.573609	2018-12-15 00:43:58.573609	Officia corrupti eum tempore.	120
598	Dennis Fahey	\N	5	2018-12-15 00:43:58.575792	2018-12-15 00:43:58.575792	Sit excepturi dolores neque.	120
599	Mireille Funk	\N	5	2018-12-15 00:43:58.577998	2018-12-15 00:43:58.577998	Exercitationem dolore tenetur eum.	120
600	Wilbur Hahn	\N	1	2018-12-15 00:43:58.581063	2018-12-15 00:43:58.581063	Temporibus harum et maxime.	120
601	Micah Spinka	\N	1	2018-12-15 00:43:58.584094	2018-12-15 00:43:58.584094	Illum natus voluptatum quo.	121
602	Hyman Lind	\N	4	2018-12-15 00:43:58.586913	2018-12-15 00:43:58.586913	Amet deleniti ipsam ut.	121
603	Hubert Gusikowski	\N	3	2018-12-15 00:43:58.589153	2018-12-15 00:43:58.589153	Aut perspiciatis quidem corporis.	121
604	Terisa Gleason	\N	3	2018-12-15 00:43:58.591363	2018-12-15 00:43:58.591363	Magni vero eum labore.	121
605	Isaiah Huels	\N	5	2018-12-15 00:43:58.59349	2018-12-15 00:43:58.59349	Illo quidem non quas.	121
606	Dante Boyle	\N	4	2018-12-15 00:43:58.59579	2018-12-15 00:43:58.59579	Accusantium voluptates quas cupiditate.	122
607	Dorthy Konopelski	\N	5	2018-12-15 00:43:58.598077	2018-12-15 00:43:58.598077	Tempora culpa recusandae sunt.	122
608	Dr. Johnette Zemlak	\N	3	2018-12-15 00:43:58.600239	2018-12-15 00:43:58.600239	Voluptatum voluptatem tempore ipsum.	122
609	Anibal Kiehn	\N	3	2018-12-15 00:43:58.602379	2018-12-15 00:43:58.602379	Ut optio quibusdam velit.	122
610	Alphonso Hayes V	\N	3	2018-12-15 00:43:58.604607	2018-12-15 00:43:58.604607	Aut laborum beatae animi.	122
611	Rosario Fadel	\N	1	2018-12-15 00:43:58.606941	2018-12-15 00:43:58.606941	Voluptatibus a nihil voluptate.	123
612	Marlon O'Conner II	\N	1	2018-12-15 00:43:58.609111	2018-12-15 00:43:58.609111	Quos consequuntur et maiores.	123
613	Kenyetta Hoppe	\N	3	2018-12-15 00:43:58.611424	2018-12-15 00:43:58.611424	Ipsa nisi ut velit.	123
614	Lorene Hodkiewicz	\N	4	2018-12-15 00:43:58.614093	2018-12-15 00:43:58.614093	Ipsum sapiente non culpa.	123
615	Austin Gusikowski	\N	4	2018-12-15 00:43:58.616211	2018-12-15 00:43:58.616211	Aut inventore ut autem.	123
616	Rico Satterfield	\N	2	2018-12-15 00:43:58.618524	2018-12-15 00:43:58.618524	Deserunt neque animi et.	124
617	Nettie Hahn IV	\N	4	2018-12-15 00:43:58.620739	2018-12-15 00:43:58.620739	Ipsa itaque similique quia.	124
618	Miss Emanuel Mertz	\N	4	2018-12-15 00:43:58.622952	2018-12-15 00:43:58.622952	Aut voluptatibus neque dolorem.	124
619	Mel Legros	\N	1	2018-12-15 00:43:58.625119	2018-12-15 00:43:58.625119	Voluptates eveniet consectetur officia.	124
620	Willa Blanda	\N	3	2018-12-15 00:43:58.627354	2018-12-15 00:43:58.627354	Ipsa voluptates possimus alias.	124
621	Hailey Gerlach	\N	4	2018-12-15 00:43:58.629771	2018-12-15 00:43:58.629771	Velit sed dolor nulla.	125
622	Bettye Anderson	\N	5	2018-12-15 00:43:58.632049	2018-12-15 00:43:58.632049	Nisi pariatur incidunt est.	125
623	Dr. Jenice Wehner	\N	2	2018-12-15 00:43:58.634259	2018-12-15 00:43:58.634259	Et odio officia esse.	125
624	Ta Barton DDS	\N	5	2018-12-15 00:43:58.636469	2018-12-15 00:43:58.636469	Consectetur placeat optio ea.	125
625	Miss Lucilla Abshire	\N	2	2018-12-15 00:43:58.638736	2018-12-15 00:43:58.638736	Ad voluptate eum eum.	125
626	Kathrin Tillman	\N	3	2018-12-15 00:43:58.64105	2018-12-15 00:43:58.64105	Quas ut fuga culpa.	126
627	Glenn Dietrich DDS	\N	2	2018-12-15 00:43:58.64361	2018-12-15 00:43:58.64361	Sunt quisquam accusantium eum.	126
628	Dr. Antonia Frami	\N	5	2018-12-15 00:43:58.645899	2018-12-15 00:43:58.645899	Aut velit provident expedita.	126
629	Phil McLaughlin	\N	4	2018-12-15 00:43:58.648164	2018-12-15 00:43:58.648164	Aspernatur assumenda aut iste.	126
630	Roberto Mitchell	\N	5	2018-12-15 00:43:58.650471	2018-12-15 00:43:58.650471	Sit natus ullam et.	126
631	Misty Auer	\N	2	2018-12-15 00:43:58.652981	2018-12-15 00:43:58.652981	Cupiditate iusto ipsam illum.	127
632	Agustin Morar	\N	1	2018-12-15 00:43:58.65561	2018-12-15 00:43:58.65561	Consequatur similique ad pariatur.	127
633	Yuonne Bradtke IV	\N	4	2018-12-15 00:43:58.657906	2018-12-15 00:43:58.657906	Numquam sit labore est.	127
634	Ms. Alva Renner	\N	5	2018-12-15 00:43:58.66013	2018-12-15 00:43:58.66013	Non laudantium sint voluptatem.	127
635	Mr. Benton Kilback	\N	3	2018-12-15 00:43:58.662353	2018-12-15 00:43:58.662353	Voluptate rem praesentium ut.	127
636	Tarra Kshlerin	\N	1	2018-12-15 00:43:58.664795	2018-12-15 00:43:58.664795	Et ullam velit consectetur.	128
637	Miss Ramona Beatty	\N	5	2018-12-15 00:43:58.666992	2018-12-15 00:43:58.666992	Tempore id sapiente consequuntur.	128
638	Venice Abbott	\N	2	2018-12-15 00:43:58.669209	2018-12-15 00:43:58.669209	Porro consequatur non ipsum.	128
639	Lemuel Steuber	\N	5	2018-12-15 00:43:58.671372	2018-12-15 00:43:58.671372	Error quos non voluptas.	128
640	Moshe Daniel	\N	1	2018-12-15 00:43:58.673741	2018-12-15 00:43:58.673741	Eum asperiores non repudiandae.	128
641	Doris Hagenes	\N	1	2018-12-15 00:43:58.676492	2018-12-15 00:43:58.676492	Quae illo saepe minus.	129
642	Elisabeth Borer	\N	3	2018-12-15 00:43:58.67877	2018-12-15 00:43:58.67877	Tenetur eius deleniti consectetur.	129
643	Sina Larkin	\N	1	2018-12-15 00:43:58.681095	2018-12-15 00:43:58.681095	Quidem aut labore nisi.	129
644	Mr. Roderick Beer	\N	4	2018-12-15 00:43:58.683458	2018-12-15 00:43:58.683458	Harum id qui aspernatur.	129
645	Mrs. Rayford Kovacek	\N	5	2018-12-15 00:43:58.68871	2018-12-15 00:43:58.68871	Suscipit non excepturi molestiae.	129
646	Chae Fadel	\N	1	2018-12-15 00:43:58.69179	2018-12-15 00:43:58.69179	Quaerat quo aut inventore.	130
647	Cordelia Wintheiser	\N	2	2018-12-15 00:43:58.69416	2018-12-15 00:43:58.69416	Aliquid numquam ad distinctio.	130
648	Daryl Prohaska	\N	4	2018-12-15 00:43:58.696384	2018-12-15 00:43:58.696384	Esse et quam dolor.	130
649	Yuri Lindgren	\N	4	2018-12-15 00:43:58.698576	2018-12-15 00:43:58.698576	Doloremque provident minus beatae.	130
650	Donn Sawayn	\N	2	2018-12-15 00:43:58.700766	2018-12-15 00:43:58.700766	Ullam doloremque amet voluptatem.	130
651	Karoline Cronin Jr.	\N	4	2018-12-15 00:43:58.703151	2018-12-15 00:43:58.703151	Non dicta ex eum.	131
652	Leroy Doyle	\N	2	2018-12-15 00:43:58.705402	2018-12-15 00:43:58.705402	Perferendis dolorem sit iste.	131
653	Laquanda Schamberger	\N	5	2018-12-15 00:43:58.707669	2018-12-15 00:43:58.707669	Aut quae nulla pariatur.	131
654	Bart Heathcote	\N	3	2018-12-15 00:43:58.70985	2018-12-15 00:43:58.70985	Magnam dolor eius officia.	131
655	Ms. Myrtle Kuhic	\N	1	2018-12-15 00:43:58.712077	2018-12-15 00:43:58.712077	Ratione delectus consequatur odio.	131
656	Miss Kenyetta Shanahan	\N	5	2018-12-15 00:43:58.714505	2018-12-15 00:43:58.714505	Minima perferendis cumque labore.	132
657	Dana Rice	\N	5	2018-12-15 00:43:58.716757	2018-12-15 00:43:58.716757	Ab at earum non.	132
658	Lashawnda Donnelly	\N	4	2018-12-15 00:43:58.718952	2018-12-15 00:43:58.718952	Recusandae at perferendis ratione.	132
659	Mrs. Howard Flatley	\N	1	2018-12-15 00:43:58.72123	2018-12-15 00:43:58.72123	Quia aut quibusdam excepturi.	132
660	Kirby Armstrong	\N	5	2018-12-15 00:43:58.723669	2018-12-15 00:43:58.723669	Nulla in nemo voluptates.	132
661	Darron Lynch	\N	2	2018-12-15 00:43:58.726026	2018-12-15 00:43:58.726026	Vel nihil ab aut.	133
662	Erwin Kozey MD	\N	4	2018-12-15 00:43:58.728259	2018-12-15 00:43:58.728259	Officia deserunt sapiente maxime.	133
663	Preston Block DDS	\N	3	2018-12-15 00:43:58.730686	2018-12-15 00:43:58.730686	Quia ut dolores voluptas.	133
664	Normand Nader Jr.	\N	3	2018-12-15 00:43:58.732903	2018-12-15 00:43:58.732903	Blanditiis quo pariatur dolores.	133
665	Jacqueline Schroeder	\N	4	2018-12-15 00:43:58.735057	2018-12-15 00:43:58.735057	Voluptatem ipsam quia deleniti.	133
666	Brooks Shanahan	\N	1	2018-12-15 00:43:58.737427	2018-12-15 00:43:58.737427	Sint blanditiis quas aut.	134
667	Kermit Wolf	\N	2	2018-12-15 00:43:58.741344	2018-12-15 00:43:58.741344	Aut nobis voluptatem quos.	134
668	Neville Skiles MD	\N	3	2018-12-15 00:43:58.744041	2018-12-15 00:43:58.744041	Cupiditate ea inventore recusandae.	134
669	Erick Kertzmann MD	\N	2	2018-12-15 00:43:58.746775	2018-12-15 00:43:58.746775	Sunt rerum eum dolore.	134
670	Antony Considine	\N	4	2018-12-15 00:43:58.749428	2018-12-15 00:43:58.749428	Quis itaque enim voluptas.	134
671	Andres Zulauf MD	\N	4	2018-12-15 00:43:58.752885	2018-12-15 00:43:58.752885	Voluptas minus qui eius.	135
672	Miss Vivan Kassulke	\N	1	2018-12-15 00:43:58.75565	2018-12-15 00:43:58.75565	Et at debitis et.	135
673	Coral Kihn	\N	5	2018-12-15 00:43:58.758222	2018-12-15 00:43:58.758222	Aspernatur eum nulla aut.	135
674	Shantell Moore	\N	1	2018-12-15 00:43:58.760873	2018-12-15 00:43:58.760873	Ut aperiam ullam aut.	135
675	Mrs. Van Ebert	\N	5	2018-12-15 00:43:58.763574	2018-12-15 00:43:58.763574	Autem incidunt voluptas cum.	135
676	Connie Sipes	\N	2	2018-12-15 00:43:58.766237	2018-12-15 00:43:58.766237	Vel sed quidem eum.	136
677	Leonel Rohan PhD	\N	2	2018-12-15 00:43:58.768521	2018-12-15 00:43:58.768521	Minus et similique itaque.	136
678	Keila Konopelski	\N	3	2018-12-15 00:43:58.770672	2018-12-15 00:43:58.770672	Magnam eaque consequatur assumenda.	136
679	Claudie Jakubowski	\N	4	2018-12-15 00:43:58.77283	2018-12-15 00:43:58.77283	Dolorem ut odio et.	136
680	Concetta Hessel	\N	5	2018-12-15 00:43:58.775021	2018-12-15 00:43:58.775021	Expedita sed nostrum non.	136
681	Carlton Block Sr.	\N	3	2018-12-15 00:43:58.777343	2018-12-15 00:43:58.777343	Beatae perspiciatis assumenda aliquam.	137
682	Dr. Jennie Koepp	\N	3	2018-12-15 00:43:58.779553	2018-12-15 00:43:58.779553	Est vel autem eius.	137
683	Rueben O'Conner	\N	3	2018-12-15 00:43:58.782253	2018-12-15 00:43:58.782253	Quibusdam eveniet quos consequatur.	137
684	Lai Buckridge	\N	1	2018-12-15 00:43:58.784728	2018-12-15 00:43:58.784728	Excepturi et nostrum possimus.	137
685	Mr. Kasey Cassin	\N	2	2018-12-15 00:43:58.787022	2018-12-15 00:43:58.787022	Incidunt blanditiis ex quo.	137
686	Randell White PhD	\N	2	2018-12-15 00:43:58.789398	2018-12-15 00:43:58.789398	Id debitis voluptatem dicta.	138
687	Guillermina Luettgen	\N	3	2018-12-15 00:43:58.791626	2018-12-15 00:43:58.791626	Magni explicabo possimus qui.	138
688	Alberto Stoltenberg	\N	1	2018-12-15 00:43:58.794492	2018-12-15 00:43:58.794492	Omnis facilis id fuga.	138
689	Sam Ortiz	\N	2	2018-12-15 00:43:58.798236	2018-12-15 00:43:58.798236	Totam assumenda aut facilis.	138
690	Candy Feil	\N	1	2018-12-15 00:43:58.8027	2018-12-15 00:43:58.8027	Nisi autem perspiciatis ut.	138
691	Milford Cummerata PhD	\N	3	2018-12-15 00:43:58.807399	2018-12-15 00:43:58.807399	Repellendus minus beatae nihil.	139
692	Harris Friesen	\N	4	2018-12-15 00:43:58.810742	2018-12-15 00:43:58.810742	Magnam sit et sequi.	139
693	Casie Thompson	\N	5	2018-12-15 00:43:58.821737	2018-12-15 00:43:58.821737	Adipisci saepe dolorem sint.	139
694	Zane Heaney Sr.	\N	3	2018-12-15 00:43:58.826601	2018-12-15 00:43:58.826601	Quaerat ipsum velit sequi.	139
695	Dale Thompson Sr.	\N	3	2018-12-15 00:43:58.831752	2018-12-15 00:43:58.831752	Est nulla velit at.	139
696	Aliza Fadel III	\N	5	2018-12-15 00:43:58.837197	2018-12-15 00:43:58.837197	Nemo aut quam libero.	140
697	Shiela Mayert	\N	4	2018-12-15 00:43:58.83986	2018-12-15 00:43:58.83986	Ea voluptas sit animi.	140
698	Fermin Franecki	\N	3	2018-12-15 00:43:58.843785	2018-12-15 00:43:58.843785	Qui amet aut recusandae.	140
699	Alejandro Moen III	\N	2	2018-12-15 00:43:58.84731	2018-12-15 00:43:58.84731	Eos omnis eos sint.	140
700	Tuan Lubowitz	\N	5	2018-12-15 00:43:58.851539	2018-12-15 00:43:58.851539	Accusamus ipsum beatae perferendis.	140
701	Joelle Lesch	\N	4	2018-12-15 00:43:58.853869	2018-12-15 00:43:58.853869	Nihil debitis laudantium aut.	141
702	Arica Kunze	\N	3	2018-12-15 00:43:58.856234	2018-12-15 00:43:58.856234	Et perferendis fuga ipsam.	141
703	Blake Little	\N	4	2018-12-15 00:43:58.85867	2018-12-15 00:43:58.85867	Inventore reiciendis reprehenderit adipisci.	141
704	Mr. Tina Moore	\N	1	2018-12-15 00:43:58.860903	2018-12-15 00:43:58.860903	Deleniti officia temporibus et.	141
705	Everett Cruickshank DDS	\N	3	2018-12-15 00:43:58.863436	2018-12-15 00:43:58.863436	Cupiditate quia sit provident.	141
706	Ms. Maureen Strosin	\N	4	2018-12-15 00:43:58.867047	2018-12-15 00:43:58.867047	Consequuntur beatae quia ut.	142
707	Claudia Purdy	\N	4	2018-12-15 00:43:58.869426	2018-12-15 00:43:58.869426	Fuga culpa cupiditate ut.	142
708	Dr. Sumiko Conn	\N	5	2018-12-15 00:43:58.871676	2018-12-15 00:43:58.871676	Accusantium incidunt optio itaque.	142
709	Felix Powlowski V	\N	2	2018-12-15 00:43:58.873871	2018-12-15 00:43:58.873871	Aut placeat itaque dolor.	142
710	Dr. Frederic Schneider	\N	4	2018-12-15 00:43:58.87604	2018-12-15 00:43:58.87604	Aut doloremque qui laborum.	142
711	Evan Prohaska	\N	4	2018-12-15 00:43:58.878329	2018-12-15 00:43:58.878329	Non dolor consequatur deserunt.	143
712	Kathyrn Little	\N	1	2018-12-15 00:43:58.881328	2018-12-15 00:43:58.881328	Quaerat et nihil sit.	143
713	Kalyn Raynor	\N	5	2018-12-15 00:43:58.884512	2018-12-15 00:43:58.884512	Eaque ullam rerum officia.	143
714	Kristle Lesch	\N	4	2018-12-15 00:43:58.8867	2018-12-15 00:43:58.8867	Tempore maiores dolore quam.	143
715	Neville Johnson	\N	2	2018-12-15 00:43:58.888895	2018-12-15 00:43:58.888895	Est vel maxime consequatur.	143
716	Bianca Stehr	\N	5	2018-12-15 00:43:58.891197	2018-12-15 00:43:58.891197	Eveniet reprehenderit magnam et.	144
717	Sherwood Pollich	\N	2	2018-12-15 00:43:58.893982	2018-12-15 00:43:58.893982	Dicta rerum amet corrupti.	144
718	Phil O'Conner	\N	5	2018-12-15 00:43:58.89777	2018-12-15 00:43:58.89777	Et quo reiciendis ea.	144
719	Modesta Bernhard	\N	2	2018-12-15 00:43:58.903749	2018-12-15 00:43:58.903749	Tempora voluptas quasi et.	144
720	Dr. Andres Konopelski	\N	5	2018-12-15 00:43:58.906298	2018-12-15 00:43:58.906298	Facilis et tenetur voluptatem.	144
721	Mable Johns	\N	3	2018-12-15 00:43:58.908681	2018-12-15 00:43:58.908681	Fugiat eos aliquam at.	145
722	Dr. Leo Thiel	\N	5	2018-12-15 00:43:58.911152	2018-12-15 00:43:58.911152	Et sunt sed corrupti.	145
723	Gene Batz	\N	3	2018-12-15 00:43:58.913741	2018-12-15 00:43:58.913741	Quia architecto non libero.	145
724	Laurel Mueller	\N	2	2018-12-15 00:43:58.917107	2018-12-15 00:43:58.917107	Autem illo qui aliquam.	145
725	Charlie Bernier MD	\N	2	2018-12-15 00:43:58.919359	2018-12-15 00:43:58.919359	Nihil quae ab quia.	145
726	Lonnie Ziemann II	\N	3	2018-12-15 00:43:58.921728	2018-12-15 00:43:58.921728	Id pariatur occaecati ut.	146
727	Kacie O'Connell	\N	4	2018-12-15 00:43:58.923887	2018-12-15 00:43:58.923887	Autem odit beatae dolorum.	146
728	Dorsey Ryan I	\N	1	2018-12-15 00:43:58.926054	2018-12-15 00:43:58.926054	Saepe modi a qui.	146
729	Reid Leuschke	\N	4	2018-12-15 00:43:58.928227	2018-12-15 00:43:58.928227	Ab et pariatur quam.	146
730	Jeremy Krajcik II	\N	4	2018-12-15 00:43:58.930771	2018-12-15 00:43:58.930771	Ipsa error dolore in.	146
731	Raleigh Schulist	\N	3	2018-12-15 00:43:58.934557	2018-12-15 00:43:58.934557	Odio aut voluptas officiis.	147
732	Miss Cyrus Collins	\N	2	2018-12-15 00:43:58.936831	2018-12-15 00:43:58.936831	Id vero ducimus assumenda.	147
733	Duane Schmidt Sr.	\N	5	2018-12-15 00:43:58.939087	2018-12-15 00:43:58.939087	Non minus voluptas hic.	147
734	Hilda Price	\N	4	2018-12-15 00:43:58.941249	2018-12-15 00:43:58.941249	Odio libero qui nulla.	147
735	Helen Stamm Sr.	\N	4	2018-12-15 00:43:58.943414	2018-12-15 00:43:58.943414	Enim nihil dolores suscipit.	147
736	Aleta Ullrich	\N	5	2018-12-15 00:43:58.945694	2018-12-15 00:43:58.945694	Corrupti consequatur inventore quo.	148
737	Lisette Gottlieb	\N	5	2018-12-15 00:43:58.949047	2018-12-15 00:43:58.949047	Hic vitae saepe eum.	148
738	Dr. Theo Treutel	\N	3	2018-12-15 00:43:58.951434	2018-12-15 00:43:58.951434	Error alias officiis odio.	148
739	Sara Leannon	\N	3	2018-12-15 00:43:58.953758	2018-12-15 00:43:58.953758	Cumque asperiores dolor veniam.	148
740	Graig Corkery Sr.	\N	2	2018-12-15 00:43:58.956257	2018-12-15 00:43:58.956257	Maxime consectetur iusto iure.	148
741	Carey Stiedemann I	\N	3	2018-12-15 00:43:58.958646	2018-12-15 00:43:58.958646	Sed possimus soluta sed.	149
742	Dr. Ollie Funk	\N	1	2018-12-15 00:43:58.960851	2018-12-15 00:43:58.960851	Cupiditate veniam quam placeat.	149
743	Bernie Nicolas I	\N	2	2018-12-15 00:43:58.963301	2018-12-15 00:43:58.963301	Temporibus dolorem sint et.	149
744	Lloyd Smitham	\N	4	2018-12-15 00:43:58.966812	2018-12-15 00:43:58.966812	Doloremque corrupti tenetur consequuntur.	149
745	Leland Gibson	\N	5	2018-12-15 00:43:58.969053	2018-12-15 00:43:58.969053	Ut eum sed libero.	149
746	Clay Emard DVM	\N	4	2018-12-15 00:43:58.971377	2018-12-15 00:43:58.971377	Sunt quas quibusdam maiores.	150
747	Dr. Daniel Gottlieb	\N	1	2018-12-15 00:43:58.973583	2018-12-15 00:43:58.973583	Possimus voluptatem dolores qui.	150
748	Virgilio Lehner	\N	4	2018-12-15 00:43:58.975801	2018-12-15 00:43:58.975801	Libero sequi qui adipisci.	150
749	Jean Cronin Sr.	\N	5	2018-12-15 00:43:58.977984	2018-12-15 00:43:58.977984	Ut sed omnis illum.	150
750	Pok Crooks	\N	1	2018-12-15 00:43:58.980677	2018-12-15 00:43:58.980677	Nulla voluptatem consequatur totam.	150
751	Hattie Dach	\N	1	2018-12-15 00:43:58.983826	2018-12-15 00:43:58.983826	Aspernatur quia ad ut.	151
752	Katelynn Cronin	\N	5	2018-12-15 00:43:58.98609	2018-12-15 00:43:58.98609	Voluptatem reiciendis quisquam est.	151
753	Miss Quinn Bode	\N	1	2018-12-15 00:43:58.988782	2018-12-15 00:43:58.988782	Suscipit enim dolore eaque.	151
754	Corey Little	\N	2	2018-12-15 00:43:58.990995	2018-12-15 00:43:58.990995	Corrupti commodi voluptatem perspiciatis.	151
755	Arletha Gleichner	\N	4	2018-12-15 00:43:58.993379	2018-12-15 00:43:58.993379	Quas aliquid tenetur sunt.	151
756	Brock Tillman	\N	3	2018-12-15 00:43:58.996395	2018-12-15 00:43:58.996395	Adipisci delectus magnam suscipit.	152
757	Rebecka Breitenberg	\N	1	2018-12-15 00:43:58.99985	2018-12-15 00:43:58.99985	Delectus odit molestiae saepe.	152
758	Tracey Pagac	\N	5	2018-12-15 00:43:59.002284	2018-12-15 00:43:59.002284	Ut laboriosam a ut.	152
759	Stanley Schiller V	\N	4	2018-12-15 00:43:59.004518	2018-12-15 00:43:59.004518	Mollitia sint at quasi.	152
760	January Towne III	\N	4	2018-12-15 00:43:59.006717	2018-12-15 00:43:59.006717	Nam qui sed architecto.	152
761	Ramon Grimes	\N	5	2018-12-15 00:43:59.009069	2018-12-15 00:43:59.009069	Suscipit alias vel ratione.	153
762	Brenton Walter III	\N	5	2018-12-15 00:43:59.01125	2018-12-15 00:43:59.01125	Eos aliquid qui qui.	153
763	Rolland Muller DDS	\N	1	2018-12-15 00:43:59.013555	2018-12-15 00:43:59.013555	A architecto quam ipsam.	153
764	Johnnie Roberts	\N	2	2018-12-15 00:43:59.016882	2018-12-15 00:43:59.016882	Laborum quis nisi voluptas.	153
765	Miss Coleman Hickle	\N	1	2018-12-15 00:43:59.019662	2018-12-15 00:43:59.019662	Sapiente unde quam ipsa.	153
766	Neida Hermiston	\N	5	2018-12-15 00:43:59.022245	2018-12-15 00:43:59.022245	Dolorem facere dignissimos placeat.	154
767	Trinidad Senger	\N	1	2018-12-15 00:43:59.024417	2018-12-15 00:43:59.024417	Dolor eos sunt occaecati.	154
768	Edgar Thompson	\N	1	2018-12-15 00:43:59.027066	2018-12-15 00:43:59.027066	Officiis est laboriosam natus.	154
769	Sena Dickens	\N	3	2018-12-15 00:43:59.029216	2018-12-15 00:43:59.029216	Magnam et dicta eligendi.	154
770	Dr. Murray Gulgowski	\N	1	2018-12-15 00:43:59.032878	2018-12-15 00:43:59.032878	Aperiam est possimus et.	154
771	Alfredo Jaskolski	\N	1	2018-12-15 00:43:59.03589	2018-12-15 00:43:59.03589	Perferendis excepturi aut nulla.	155
772	Corinna Barton V	\N	4	2018-12-15 00:43:59.038356	2018-12-15 00:43:59.038356	Qui quidem molestias corrupti.	155
773	Lauren Schulist	\N	3	2018-12-15 00:43:59.040526	2018-12-15 00:43:59.040526	Sapiente debitis ea molestiae.	155
774	Obdulia Collier	\N	5	2018-12-15 00:43:59.042693	2018-12-15 00:43:59.042693	Dolorem omnis possimus aut.	155
775	Ja O'Hara III	\N	4	2018-12-15 00:43:59.044963	2018-12-15 00:43:59.044963	Consequatur in maiores placeat.	155
776	Carry Johnson	\N	2	2018-12-15 00:43:59.048076	2018-12-15 00:43:59.048076	Explicabo nulla esse quo.	156
777	Donald Williamson	\N	4	2018-12-15 00:43:59.050863	2018-12-15 00:43:59.050863	In optio excepturi placeat.	156
778	Lonny Heathcote MD	\N	1	2018-12-15 00:43:59.053397	2018-12-15 00:43:59.053397	Natus earum esse error.	156
779	Christena Koss	\N	4	2018-12-15 00:43:59.055622	2018-12-15 00:43:59.055622	Ipsam eius sint odit.	156
780	Tommie Carroll	\N	1	2018-12-15 00:43:59.058269	2018-12-15 00:43:59.058269	Eum omnis laudantium rerum.	156
781	Dia Haag III	\N	5	2018-12-15 00:43:59.060771	2018-12-15 00:43:59.060771	Consequatur dolorem voluptas autem.	157
782	John Reichel	\N	1	2018-12-15 00:43:59.062999	2018-12-15 00:43:59.062999	Quis incidunt adipisci vitae.	157
783	Mark Wiza	\N	1	2018-12-15 00:43:59.066374	2018-12-15 00:43:59.066374	Blanditiis quae ut quibusdam.	157
784	Diann VonRueden	\N	2	2018-12-15 00:43:59.068886	2018-12-15 00:43:59.068886	Sint repellat qui at.	157
785	Tomas Reynolds	\N	1	2018-12-15 00:43:59.071131	2018-12-15 00:43:59.071131	Laboriosam expedita excepturi necessitatibus.	157
786	Raymond Harris	\N	2	2018-12-15 00:43:59.073473	2018-12-15 00:43:59.073473	Aperiam et ipsa aliquid.	158
787	Tanner Bogan	\N	1	2018-12-15 00:43:59.075696	2018-12-15 00:43:59.075696	Quo corporis eaque non.	158
788	Steve Jacobson	\N	2	2018-12-15 00:43:59.077946	2018-12-15 00:43:59.077946	Sit corrupti non cumque.	158
789	Ms. Emilee Schimmel	\N	1	2018-12-15 00:43:59.080452	2018-12-15 00:43:59.080452	Delectus perferendis magni veniam.	158
790	Muoi Windler	\N	2	2018-12-15 00:43:59.083172	2018-12-15 00:43:59.083172	Cupiditate possimus vel laboriosam.	158
791	Renna Kuhn	\N	2	2018-12-15 00:43:59.085583	2018-12-15 00:43:59.085583	Praesentium ut adipisci ea.	159
792	Virgen Hilll	\N	1	2018-12-15 00:43:59.088026	2018-12-15 00:43:59.088026	Aut aperiam minima totam.	159
793	Jerrold Doyle	\N	1	2018-12-15 00:43:59.090433	2018-12-15 00:43:59.090433	Quis esse dignissimos est.	159
794	Betsy Goyette	\N	3	2018-12-15 00:43:59.092664	2018-12-15 00:43:59.092664	Voluptate earum ipsam esse.	159
795	Lissette Thiel	\N	3	2018-12-15 00:43:59.09484	2018-12-15 00:43:59.09484	Quam eum quis quia.	159
796	Griselda Carroll	\N	5	2018-12-15 00:43:59.097514	2018-12-15 00:43:59.097514	Debitis nihil ut iusto.	160
797	Rey Lemke III	\N	4	2018-12-15 00:43:59.099792	2018-12-15 00:43:59.099792	Dolorum omnis aut repudiandae.	160
798	Patrice Lang	\N	1	2018-12-15 00:43:59.101976	2018-12-15 00:43:59.101976	Commodi est fuga repudiandae.	160
799	Sheilah Wisoky	\N	4	2018-12-15 00:43:59.10419	2018-12-15 00:43:59.10419	Nisi provident dolorem in.	160
800	Brandon Schaden	\N	1	2018-12-15 00:43:59.106459	2018-12-15 00:43:59.106459	Voluptas facere sit nam.	160
801	Bridgett Predovic	\N	3	2018-12-15 00:43:59.112602	2018-12-15 00:43:59.112602	Nobis fuga cumque enim.	161
802	Caterina McDermott	\N	1	2018-12-15 00:43:59.115083	2018-12-15 00:43:59.115083	Eum veritatis fugiat sed.	161
803	Cherelle Hamill	\N	2	2018-12-15 00:43:59.117318	2018-12-15 00:43:59.117318	Sit amet magni velit.	161
804	Ms. Elza O'Kon	\N	4	2018-12-15 00:43:59.119543	2018-12-15 00:43:59.119543	Cumque sit adipisci esse.	161
805	Magaret Boyle	\N	3	2018-12-15 00:43:59.121708	2018-12-15 00:43:59.121708	Omnis fuga iure cupiditate.	161
806	Fleta Hane	\N	1	2018-12-15 00:43:59.124005	2018-12-15 00:43:59.124005	Dignissimos doloremque molestiae dicta.	162
807	Illa Grant	\N	2	2018-12-15 00:43:59.126207	2018-12-15 00:43:59.126207	Ut provident dolorem delectus.	162
808	Roland Luettgen	\N	2	2018-12-15 00:43:59.128352	2018-12-15 00:43:59.128352	Perferendis vero sit incidunt.	162
809	Mrs. Corrie Donnelly	\N	3	2018-12-15 00:43:59.130675	2018-12-15 00:43:59.130675	Voluptatem rerum libero beatae.	162
810	Stanton Roob DDS	\N	3	2018-12-15 00:43:59.132971	2018-12-15 00:43:59.132971	Illo autem repellendus necessitatibus.	162
811	Ms. Mason Feeney	\N	3	2018-12-15 00:43:59.135268	2018-12-15 00:43:59.135268	Quia similique pariatur consequatur.	163
812	Adolph Borer	\N	1	2018-12-15 00:43:59.137489	2018-12-15 00:43:59.137489	Corporis molestiae id architecto.	163
813	Peter Effertz	\N	1	2018-12-15 00:43:59.1397	2018-12-15 00:43:59.1397	Voluptate doloribus tenetur dolorem.	163
814	Rhoda Schaden	\N	1	2018-12-15 00:43:59.141862	2018-12-15 00:43:59.141862	Odit rem qui eligendi.	163
815	Brittanie Bergstrom Jr.	\N	4	2018-12-15 00:43:59.145057	2018-12-15 00:43:59.145057	Sed tenetur architecto tempora.	163
816	Ms. Mariam Kohler	\N	1	2018-12-15 00:43:59.149581	2018-12-15 00:43:59.149581	Aliquam aperiam nam molestiae.	164
817	Monty Watsica	\N	4	2018-12-15 00:43:59.153437	2018-12-15 00:43:59.153437	Officia aliquam repudiandae id.	164
818	Kirk Schuppe Sr.	\N	4	2018-12-15 00:43:59.157195	2018-12-15 00:43:59.157195	Odit id vel dolores.	164
819	Cecil Lindgren	\N	1	2018-12-15 00:43:59.160783	2018-12-15 00:43:59.160783	Culpa et vel sunt.	164
820	Jodee Vandervort	\N	2	2018-12-15 00:43:59.163382	2018-12-15 00:43:59.163382	Nobis sed inventore in.	164
821	Glen Gibson V	\N	5	2018-12-15 00:43:59.165822	2018-12-15 00:43:59.165822	Non fugit est qui.	165
822	Albert Harber	\N	2	2018-12-15 00:43:59.168012	2018-12-15 00:43:59.168012	Non est soluta enim.	165
823	Stanton Braun	\N	2	2018-12-15 00:43:59.170211	2018-12-15 00:43:59.170211	Deserunt quia aut inventore.	165
824	Natalie DuBuque	\N	5	2018-12-15 00:43:59.172364	2018-12-15 00:43:59.172364	Quia molestias aut maiores.	165
825	Gustavo Parisian	\N	1	2018-12-15 00:43:59.1745	2018-12-15 00:43:59.1745	Similique error optio ut.	165
826	Lani Watsica II	\N	4	2018-12-15 00:43:59.176861	2018-12-15 00:43:59.176861	Ut nisi quisquam nostrum.	166
827	Gregorio Prosacco	\N	1	2018-12-15 00:43:59.179021	2018-12-15 00:43:59.179021	Maiores et sed placeat.	166
828	Dianna Zboncak	\N	3	2018-12-15 00:43:59.181251	2018-12-15 00:43:59.181251	Rerum possimus vel eum.	166
829	Nedra Hayes	\N	2	2018-12-15 00:43:59.183397	2018-12-15 00:43:59.183397	Sed quia amet ut.	166
830	Margurite Murazik	\N	2	2018-12-15 00:43:59.185587	2018-12-15 00:43:59.185587	Et eveniet quam minus.	166
831	Dr. Stefany Huel	\N	5	2018-12-15 00:43:59.187894	2018-12-15 00:43:59.187894	Rerum quia vero corrupti.	167
832	Kareen Conn PhD	\N	4	2018-12-15 00:43:59.19009	2018-12-15 00:43:59.19009	Recusandae voluptatem qui voluptatibus.	167
833	Clemente Lubowitz	\N	3	2018-12-15 00:43:59.192298	2018-12-15 00:43:59.192298	Accusamus delectus similique qui.	167
834	Jonie Roob	\N	1	2018-12-15 00:43:59.194463	2018-12-15 00:43:59.194463	Libero explicabo quaerat dolor.	167
835	Sanford Dickinson	\N	4	2018-12-15 00:43:59.196751	2018-12-15 00:43:59.196751	Eveniet doloremque autem et.	167
836	Wes Conn	\N	2	2018-12-15 00:43:59.199334	2018-12-15 00:43:59.199334	Eos est autem consequatur.	168
837	Mac King DVM	\N	2	2018-12-15 00:43:59.201587	2018-12-15 00:43:59.201587	Blanditiis minus et beatae.	168
838	Chet Schuster	\N	1	2018-12-15 00:43:59.203744	2018-12-15 00:43:59.203744	Nam officiis nihil quia.	168
839	Chris Moore DVM	\N	2	2018-12-15 00:43:59.205915	2018-12-15 00:43:59.205915	Voluptas in accusantium architecto.	168
840	Cori Quitzon	\N	3	2018-12-15 00:43:59.208392	2018-12-15 00:43:59.208392	Officiis est voluptatem sapiente.	168
841	Miss Robbie Becker	\N	4	2018-12-15 00:43:59.211155	2018-12-15 00:43:59.211155	Commodi veniam reiciendis totam.	169
842	Francis Dicki	\N	4	2018-12-15 00:43:59.213446	2018-12-15 00:43:59.213446	Consequatur sapiente unde et.	169
843	Mercedez Hermiston V	\N	5	2018-12-15 00:43:59.215819	2018-12-15 00:43:59.215819	Id voluptas occaecati vitae.	169
844	Johnnie Toy	\N	4	2018-12-15 00:43:59.218171	2018-12-15 00:43:59.218171	Nisi animi nesciunt dolor.	169
845	Weldon Robel	\N	1	2018-12-15 00:43:59.220513	2018-12-15 00:43:59.220513	Nulla maiores voluptatem eos.	169
846	Maryanna Huel	\N	4	2018-12-15 00:43:59.222999	2018-12-15 00:43:59.222999	Voluptatem accusantium mollitia odit.	170
847	Katherina Bergstrom DVM	\N	2	2018-12-15 00:43:59.225328	2018-12-15 00:43:59.225328	Unde dolores ut in.	170
848	June Becker PhD	\N	4	2018-12-15 00:43:59.227669	2018-12-15 00:43:59.227669	Et possimus deserunt corrupti.	170
849	Ms. Yi Haley	\N	5	2018-12-15 00:43:59.230035	2018-12-15 00:43:59.230035	Ut beatae in expedita.	170
850	Dixie Romaguera	\N	2	2018-12-15 00:43:59.232429	2018-12-15 00:43:59.232429	Est eligendi quia rerum.	170
851	Robby Reynolds	\N	3	2018-12-15 00:43:59.234868	2018-12-15 00:43:59.234868	Impedit tempora voluptatum suscipit.	171
852	Kasey Goodwin	\N	5	2018-12-15 00:43:59.237225	2018-12-15 00:43:59.237225	Corporis vel beatae ut.	171
853	Errol Douglas	\N	4	2018-12-15 00:43:59.239525	2018-12-15 00:43:59.239525	Debitis laborum aut ex.	171
854	Camilla Carroll	\N	2	2018-12-15 00:43:59.241847	2018-12-15 00:43:59.241847	Assumenda autem dolorem voluptatem.	171
855	India Cole	\N	3	2018-12-15 00:43:59.244159	2018-12-15 00:43:59.244159	Quisquam incidunt quos voluptates.	171
856	Rea Kutch	\N	1	2018-12-15 00:43:59.246554	2018-12-15 00:43:59.246554	Autem nobis rerum molestias.	172
857	Genevieve Kemmer	\N	5	2018-12-15 00:43:59.248935	2018-12-15 00:43:59.248935	Dolorem iste molestiae iusto.	172
858	Santiago Dietrich	\N	5	2018-12-15 00:43:59.251239	2018-12-15 00:43:59.251239	Veniam sed harum ullam.	172
859	Randee Cormier	\N	5	2018-12-15 00:43:59.253573	2018-12-15 00:43:59.253573	A unde earum sed.	172
860	Diane Tremblay	\N	2	2018-12-15 00:43:59.255865	2018-12-15 00:43:59.255865	Modi ab aliquid aspernatur.	172
861	Harvey Brekke MD	\N	5	2018-12-15 00:43:59.258539	2018-12-15 00:43:59.258539	Quis aut suscipit rerum.	173
862	Ahmed Wolf	\N	5	2018-12-15 00:43:59.260924	2018-12-15 00:43:59.260924	Aut reiciendis ut architecto.	173
863	Petronila Pfannerstill	\N	2	2018-12-15 00:43:59.263274	2018-12-15 00:43:59.263274	Ipsam fuga perferendis est.	173
864	Melvin Hudson DVM	\N	4	2018-12-15 00:43:59.26558	2018-12-15 00:43:59.26558	Error earum voluptas facere.	173
865	Miss Jacinto Nicolas	\N	4	2018-12-15 00:43:59.267909	2018-12-15 00:43:59.267909	Sit doloremque voluptas ratione.	173
866	Dr. Tyesha Marvin	\N	1	2018-12-15 00:43:59.270414	2018-12-15 00:43:59.270414	Dignissimos vel suscipit sint.	174
867	Moses Herman	\N	5	2018-12-15 00:43:59.272716	2018-12-15 00:43:59.272716	Ea voluptate omnis aut.	174
868	Mr. Oswaldo Quigley	\N	5	2018-12-15 00:43:59.275083	2018-12-15 00:43:59.275083	Ducimus illo quidem aperiam.	174
869	Mrs. Duane Beer	\N	1	2018-12-15 00:43:59.277413	2018-12-15 00:43:59.277413	Recusandae et labore nisi.	174
870	Leonard Quigley V	\N	3	2018-12-15 00:43:59.279793	2018-12-15 00:43:59.279793	Sit molestiae in consequatur.	174
871	Edward Hartmann	\N	3	2018-12-15 00:43:59.282285	2018-12-15 00:43:59.282285	Est vel porro laudantium.	175
872	Alejandra Yost	\N	3	2018-12-15 00:43:59.284598	2018-12-15 00:43:59.284598	Consectetur ex quo id.	175
873	Lacy Fay	\N	1	2018-12-15 00:43:59.286909	2018-12-15 00:43:59.286909	Maxime et vel fuga.	175
874	Jewell Schmeler I	\N	1	2018-12-15 00:43:59.289207	2018-12-15 00:43:59.289207	Voluptatem beatae quidem explicabo.	175
875	Anderson Medhurst	\N	2	2018-12-15 00:43:59.291548	2018-12-15 00:43:59.291548	Magni qui natus veritatis.	175
876	Veta Ryan	\N	5	2018-12-15 00:43:59.294088	2018-12-15 00:43:59.294088	Cum eveniet rerum explicabo.	176
877	Cedrick Labadie III	\N	3	2018-12-15 00:43:59.296634	2018-12-15 00:43:59.296634	Suscipit aliquid non nam.	176
878	Veronique Lockman	\N	2	2018-12-15 00:43:59.298968	2018-12-15 00:43:59.298968	Voluptatem quia quasi est.	176
879	Tomas DuBuque	\N	4	2018-12-15 00:43:59.301347	2018-12-15 00:43:59.301347	Quam itaque porro reiciendis.	176
880	Qiana Buckridge	\N	3	2018-12-15 00:43:59.303613	2018-12-15 00:43:59.303613	Qui temporibus aut quibusdam.	176
881	Mrs. Sarah Sawayn	\N	5	2018-12-15 00:43:59.30605	2018-12-15 00:43:59.30605	Et eos quas sed.	177
882	Alysha McCullough III	\N	5	2018-12-15 00:43:59.308413	2018-12-15 00:43:59.308413	Explicabo eius voluptatem molestiae.	177
883	Genaro Veum Jr.	\N	5	2018-12-15 00:43:59.310794	2018-12-15 00:43:59.310794	Optio quis consequatur cum.	177
884	Torrie Little DDS	\N	3	2018-12-15 00:43:59.313181	2018-12-15 00:43:59.313181	Rerum iusto aut ut.	177
885	Amy Dietrich	\N	3	2018-12-15 00:43:59.315557	2018-12-15 00:43:59.315557	Modi et non iusto.	177
886	Jerrold Harris	\N	1	2018-12-15 00:43:59.318029	2018-12-15 00:43:59.318029	Minima ut sed dolor.	178
887	Christiana Heidenreich	\N	1	2018-12-15 00:43:59.320352	2018-12-15 00:43:59.320352	Consequatur in optio impedit.	178
888	Gaylord Medhurst	\N	3	2018-12-15 00:43:59.323331	2018-12-15 00:43:59.323331	Ut expedita temporibus rerum.	178
889	Dr. Bula Leannon	\N	3	2018-12-15 00:43:59.326523	2018-12-15 00:43:59.326523	Dolor aut provident ea.	178
890	Margert Kuhn	\N	4	2018-12-15 00:43:59.329086	2018-12-15 00:43:59.329086	Doloribus omnis vel quidem.	178
891	Carry Reilly	\N	2	2018-12-15 00:43:59.334009	2018-12-15 00:43:59.334009	Delectus dolore et aliquid.	179
892	Olene Streich	\N	2	2018-12-15 00:43:59.33666	2018-12-15 00:43:59.33666	Harum deleniti et placeat.	179
893	Fidela Koepp	\N	3	2018-12-15 00:43:59.339506	2018-12-15 00:43:59.339506	Quaerat tempore sit alias.	179
894	Jackson Williamson	\N	4	2018-12-15 00:43:59.343085	2018-12-15 00:43:59.343085	Velit molestiae modi est.	179
895	Orval Kutch V	\N	4	2018-12-15 00:43:59.346458	2018-12-15 00:43:59.346458	Velit ratione dolor non.	179
896	Dr. Normand Reinger	\N	1	2018-12-15 00:43:59.349854	2018-12-15 00:43:59.349854	Doloremque expedita nihil exercitationem.	180
897	Colleen Mosciski	\N	5	2018-12-15 00:43:59.352558	2018-12-15 00:43:59.352558	Perferendis non et a.	180
898	Bula Pfannerstill	\N	3	2018-12-15 00:43:59.355113	2018-12-15 00:43:59.355113	In aut ut illum.	180
899	Newton Hammes	\N	5	2018-12-15 00:43:59.357435	2018-12-15 00:43:59.357435	Cupiditate illo suscipit nam.	180
900	Dr. Johnathan Bosco	\N	2	2018-12-15 00:43:59.359951	2018-12-15 00:43:59.359951	Qui nemo qui impedit.	180
901	Cecil Lynch	\N	3	2018-12-15 00:43:59.362531	2018-12-15 00:43:59.362531	Voluptates ipsa vero veritatis.	181
902	Ward Christiansen	\N	4	2018-12-15 00:43:59.365344	2018-12-15 00:43:59.365344	Molestiae est sed soluta.	181
903	Ira Kris	\N	1	2018-12-15 00:43:59.367755	2018-12-15 00:43:59.367755	In et ratione veritatis.	181
904	Ms. Cordie Collier	\N	4	2018-12-15 00:43:59.370065	2018-12-15 00:43:59.370065	Odit labore quisquam ea.	181
905	Markus Schiller	\N	3	2018-12-15 00:43:59.372397	2018-12-15 00:43:59.372397	Molestiae dolores nihil ut.	181
906	Ms. Linwood Kessler	\N	2	2018-12-15 00:43:59.374912	2018-12-15 00:43:59.374912	Dolorem corporis consequatur et.	182
907	Nakesha Crona PhD	\N	3	2018-12-15 00:43:59.377254	2018-12-15 00:43:59.377254	Veritatis eius qui quis.	182
908	Tony Towne	\N	4	2018-12-15 00:43:59.379609	2018-12-15 00:43:59.379609	Voluptas nihil nobis ut.	182
909	Mrs. Dario Johns	\N	1	2018-12-15 00:43:59.382606	2018-12-15 00:43:59.382606	Consequatur modi tempora iste.	182
910	Jordan Larson	\N	1	2018-12-15 00:43:59.38483	2018-12-15 00:43:59.38483	A est non rerum.	182
911	Sherrill Baumbach	\N	3	2018-12-15 00:43:59.3873	2018-12-15 00:43:59.3873	Modi exercitationem qui nesciunt.	183
912	Nicholas McCullough PhD	\N	2	2018-12-15 00:43:59.389615	2018-12-15 00:43:59.389615	Enim hic officia aut.	183
913	Soo Bernhard	\N	2	2018-12-15 00:43:59.391942	2018-12-15 00:43:59.391942	Et nam quis dolore.	183
914	Sherman Raynor	\N	4	2018-12-15 00:43:59.394377	2018-12-15 00:43:59.394377	Commodi eveniet nostrum ullam.	183
915	Cliff Johnston	\N	5	2018-12-15 00:43:59.396806	2018-12-15 00:43:59.396806	Suscipit dolores eius voluptatem.	183
916	Ms. Damian Vandervort	\N	5	2018-12-15 00:43:59.39941	2018-12-15 00:43:59.39941	Et non ut sint.	184
917	Raymond Grant DDS	\N	3	2018-12-15 00:43:59.401783	2018-12-15 00:43:59.401783	Et atque veniam dolorem.	184
918	Prince Kuphal	\N	4	2018-12-15 00:43:59.404129	2018-12-15 00:43:59.404129	Vitae labore eius nostrum.	184
919	Mr. Tyron Green	\N	2	2018-12-15 00:43:59.406799	2018-12-15 00:43:59.406799	Delectus aperiam et nesciunt.	184
920	Paul Lubowitz	\N	5	2018-12-15 00:43:59.409128	2018-12-15 00:43:59.409128	Dolorem perferendis cupiditate iure.	184
921	Ms. Lou Kassulke	\N	5	2018-12-15 00:43:59.411601	2018-12-15 00:43:59.411601	Aut eos odio quod.	185
922	Dr. Annett Wilkinson	\N	2	2018-12-15 00:43:59.414029	2018-12-15 00:43:59.414029	Ratione fuga tempore eius.	185
923	Fernando Weissnat	\N	2	2018-12-15 00:43:59.416315	2018-12-15 00:43:59.416315	Ut quis eos cumque.	185
924	Rico O'Hara	\N	5	2018-12-15 00:43:59.418637	2018-12-15 00:43:59.418637	Ut voluptatem ut laudantium.	185
925	Rosamaria Schowalter	\N	5	2018-12-15 00:43:59.421118	2018-12-15 00:43:59.421118	Modi quia sapiente molestiae.	185
926	Beth Predovic	\N	4	2018-12-15 00:43:59.424222	2018-12-15 00:43:59.424222	Cumque ut ut officiis.	186
927	Scot Gerhold	\N	5	2018-12-15 00:43:59.427131	2018-12-15 00:43:59.427131	Voluptas consectetur placeat nisi.	186
928	Armando Willms DVM	\N	2	2018-12-15 00:43:59.429451	2018-12-15 00:43:59.429451	Eos debitis atque porro.	186
929	Grisel Gleason DDS	\N	5	2018-12-15 00:43:59.432562	2018-12-15 00:43:59.432562	Assumenda nihil eum aut.	186
930	Lahoma Satterfield	\N	2	2018-12-15 00:43:59.435013	2018-12-15 00:43:59.435013	Dignissimos provident repellat eos.	186
931	Eleni Emard	\N	4	2018-12-15 00:43:59.437543	2018-12-15 00:43:59.437543	Est sint totam consequatur.	187
932	Kali Conroy	\N	4	2018-12-15 00:43:59.439942	2018-12-15 00:43:59.439942	Fugiat ex aut rerum.	187
933	Laverne Gislason	\N	5	2018-12-15 00:43:59.442278	2018-12-15 00:43:59.442278	Sunt sed ut autem.	187
934	Kelly Veum	\N	1	2018-12-15 00:43:59.444664	2018-12-15 00:43:59.444664	Error qui quia alias.	187
935	Sophia Mohr	\N	3	2018-12-15 00:43:59.447153	2018-12-15 00:43:59.447153	Aut assumenda doloribus facilis.	187
936	Minerva Romaguera	\N	2	2018-12-15 00:43:59.449614	2018-12-15 00:43:59.449614	Et non voluptas ipsa.	188
937	Bianca Schoen	\N	1	2018-12-15 00:43:59.451988	2018-12-15 00:43:59.451988	Voluptas omnis eum nihil.	188
938	Antonia Sporer III	\N	5	2018-12-15 00:43:59.454687	2018-12-15 00:43:59.454687	Aut alias veniam incidunt.	188
939	Nick Boyle	\N	5	2018-12-15 00:43:59.457109	2018-12-15 00:43:59.457109	Et cum sed maiores.	188
940	Stormy MacGyver	\N	3	2018-12-15 00:43:59.459457	2018-12-15 00:43:59.459457	Vero minima veniam non.	188
941	Hoyt Schultz	\N	2	2018-12-15 00:43:59.461943	2018-12-15 00:43:59.461943	Ipsa accusamus quia assumenda.	189
942	Carl Kreiger	\N	5	2018-12-15 00:43:59.464324	2018-12-15 00:43:59.464324	Iste eos ipsa velit.	189
943	Elane Goodwin	\N	1	2018-12-15 00:43:59.466657	2018-12-15 00:43:59.466657	Ratione voluptas omnis ipsa.	189
944	Jae Kovacek	\N	4	2018-12-15 00:43:59.4689	2018-12-15 00:43:59.4689	Facilis quasi quia molestiae.	189
945	Buffy Gerlach V	\N	1	2018-12-15 00:43:59.47128	2018-12-15 00:43:59.47128	Commodi provident hic deserunt.	189
946	Mr. Gilberto Vandervort	\N	4	2018-12-15 00:43:59.473835	2018-12-15 00:43:59.473835	Dolorem quidem ullam animi.	190
947	Clint Rohan	\N	3	2018-12-15 00:43:59.478854	2018-12-15 00:43:59.478854	Sit reprehenderit veniam qui.	190
948	Adelaida Carter	\N	3	2018-12-15 00:43:59.481414	2018-12-15 00:43:59.481414	Cumque ea alias quasi.	190
949	Tomoko Hansen	\N	5	2018-12-15 00:43:59.483795	2018-12-15 00:43:59.483795	Autem et reiciendis placeat.	190
950	Julian Gorczany DVM	\N	5	2018-12-15 00:43:59.486154	2018-12-15 00:43:59.486154	Similique dolor quod enim.	190
951	Audria Gulgowski	\N	1	2018-12-15 00:43:59.488637	2018-12-15 00:43:59.488637	Unde sed et atque.	191
952	Elisha Labadie	\N	1	2018-12-15 00:43:59.490897	2018-12-15 00:43:59.490897	Eos ut voluptatem vitae.	191
953	Sebastian Hackett	\N	3	2018-12-15 00:43:59.493227	2018-12-15 00:43:59.493227	Qui impedit voluptatem alias.	191
954	Svetlana Rippin	\N	2	2018-12-15 00:43:59.495532	2018-12-15 00:43:59.495532	Voluptatem fuga ullam quam.	191
955	Conchita Vandervort	\N	2	2018-12-15 00:43:59.497938	2018-12-15 00:43:59.497938	Atque aliquam ducimus aspernatur.	191
956	Jeff Collier	\N	5	2018-12-15 00:43:59.500395	2018-12-15 00:43:59.500395	Iste similique ipsa et.	192
957	Albert Cruickshank	\N	4	2018-12-15 00:43:59.502755	2018-12-15 00:43:59.502755	Facere nesciunt ducimus ut.	192
958	Cole Mohr	\N	5	2018-12-15 00:43:59.505056	2018-12-15 00:43:59.505056	Exercitationem odio occaecati rerum.	192
959	Micheal Kertzmann	\N	5	2018-12-15 00:43:59.507375	2018-12-15 00:43:59.507375	Et deserunt delectus aliquid.	192
960	Ralph Hilpert	\N	3	2018-12-15 00:43:59.509585	2018-12-15 00:43:59.509585	Sit rerum eius ex.	192
961	Adriene Nader	\N	1	2018-12-15 00:43:59.512065	2018-12-15 00:43:59.512065	Non fuga illo quis.	193
962	Mathew Stoltenberg	\N	2	2018-12-15 00:43:59.514461	2018-12-15 00:43:59.514461	Id doloribus culpa necessitatibus.	193
963	Rayna Roob	\N	4	2018-12-15 00:43:59.516821	2018-12-15 00:43:59.516821	Odit illo esse ipsum.	193
964	Sherwood Tremblay	\N	1	2018-12-15 00:43:59.519124	2018-12-15 00:43:59.519124	Voluptatem sed suscipit est.	193
965	Wilfredo Walsh	\N	4	2018-12-15 00:43:59.521438	2018-12-15 00:43:59.521438	Molestias ullam magnam minima.	193
966	Edra Dickinson	\N	1	2018-12-15 00:43:59.523911	2018-12-15 00:43:59.523911	Exercitationem ut architecto voluptates.	194
967	Robt Casper	\N	3	2018-12-15 00:43:59.526259	2018-12-15 00:43:59.526259	Et minima est eum.	194
968	Eli Nolan	\N	4	2018-12-15 00:43:59.528514	2018-12-15 00:43:59.528514	Dolores aut et sit.	194
969	Myrtle Cummerata	\N	1	2018-12-15 00:43:59.53128	2018-12-15 00:43:59.53128	Et delectus voluptatibus rerum.	194
970	Denver Corkery	\N	5	2018-12-15 00:43:59.534091	2018-12-15 00:43:59.534091	Laborum quod illo unde.	194
971	Londa Langworth	\N	1	2018-12-15 00:43:59.536824	2018-12-15 00:43:59.536824	Ut ratione quis qui.	195
972	Isaac Boyle	\N	1	2018-12-15 00:43:59.539143	2018-12-15 00:43:59.539143	Dolor nihil nisi eum.	195
973	Taren Champlin	\N	5	2018-12-15 00:43:59.541423	2018-12-15 00:43:59.541423	Est voluptas nihil non.	195
974	Leif Weimann	\N	1	2018-12-15 00:43:59.543819	2018-12-15 00:43:59.543819	Ratione laborum qui harum.	195
975	Mr. Ermelinda Bartell	\N	3	2018-12-15 00:43:59.54619	2018-12-15 00:43:59.54619	Nemo sunt ab vero.	195
976	Kory Hickle	\N	4	2018-12-15 00:43:59.548713	2018-12-15 00:43:59.548713	Omnis cupiditate enim facere.	196
977	Leatrice Goldner	\N	1	2018-12-15 00:43:59.551372	2018-12-15 00:43:59.551372	Quasi fuga quia officia.	196
978	Virgilio Auer	\N	3	2018-12-15 00:43:59.554138	2018-12-15 00:43:59.554138	Voluptas esse nihil exercitationem.	196
979	Lawerence Lindgren	\N	5	2018-12-15 00:43:59.556744	2018-12-15 00:43:59.556744	Dolorem sequi aut amet.	196
980	Lee Rosenbaum	\N	5	2018-12-15 00:43:59.559141	2018-12-15 00:43:59.559141	Facere explicabo dolore deleniti.	196
981	Shelley Klocko I	\N	5	2018-12-15 00:43:59.56161	2018-12-15 00:43:59.56161	Eaque et mollitia vel.	197
982	Saul Windler	\N	4	2018-12-15 00:43:59.56403	2018-12-15 00:43:59.56403	Odit esse nihil nisi.	197
983	Trey Leffler	\N	4	2018-12-15 00:43:59.566447	2018-12-15 00:43:59.566447	Non omnis reiciendis unde.	197
984	Darrick Frami	\N	1	2018-12-15 00:43:59.568791	2018-12-15 00:43:59.568791	Eius eligendi aspernatur minus.	197
985	Ms. Emmie Luettgen	\N	1	2018-12-15 00:43:59.571111	2018-12-15 00:43:59.571111	Alias dolor aut dicta.	197
986	Deedee Schoen	\N	3	2018-12-15 00:43:59.573596	2018-12-15 00:43:59.573596	Fuga quia sint quidem.	198
987	Yvette Grimes MD	\N	3	2018-12-15 00:43:59.575911	2018-12-15 00:43:59.575911	Tempora animi ipsam fugiat.	198
988	Latrisha Spinka	\N	4	2018-12-15 00:43:59.578196	2018-12-15 00:43:59.578196	Expedita ducimus consequatur et.	198
989	Barton Leuschke	\N	2	2018-12-15 00:43:59.580633	2018-12-15 00:43:59.580633	Libero tempora non dolorem.	198
990	Shirely Funk	\N	3	2018-12-15 00:43:59.582911	2018-12-15 00:43:59.582911	Quidem tenetur atque in.	198
991	Lanny Stoltenberg	\N	1	2018-12-15 00:43:59.585349	2018-12-15 00:43:59.585349	Aspernatur qui dolor perferendis.	199
992	Carylon Bashirian	\N	4	2018-12-15 00:43:59.587637	2018-12-15 00:43:59.587637	Aut eveniet et ea.	199
993	Ollie Marks V	\N	1	2018-12-15 00:43:59.589978	2018-12-15 00:43:59.589978	Voluptas velit quam beatae.	199
994	Berry Kovacek	\N	1	2018-12-15 00:43:59.592285	2018-12-15 00:43:59.592285	Sint eos quos qui.	199
995	Dr. Emilio Schamberger	\N	4	2018-12-15 00:43:59.594656	2018-12-15 00:43:59.594656	Qui doloribus quaerat dolor.	199
996	Magdalene Kuhn	\N	4	2018-12-15 00:43:59.597303	2018-12-15 00:43:59.597303	Sit ab praesentium consectetur.	200
997	Mrs. German Lynch	\N	4	2018-12-15 00:43:59.600121	2018-12-15 00:43:59.600121	Et veritatis aperiam soluta.	200
998	Sharlene Lindgren	\N	1	2018-12-15 00:43:59.602512	2018-12-15 00:43:59.602512	Et doloribus dicta similique.	200
999	Ignacio Reichert DVM	\N	1	2018-12-15 00:43:59.604878	2018-12-15 00:43:59.604878	Nihil nemo sint quis.	200
1000	Eldon Little MD	\N	4	2018-12-15 00:43:59.607119	2018-12-15 00:43:59.607119	Eaque ipsum qui est.	200
1001	Princess Wuckert	\N	4	2018-12-15 00:43:59.609595	2018-12-15 00:43:59.609595	Ullam odio ut doloremque.	201
1002	Alayna Powlowski	\N	3	2018-12-15 00:43:59.611901	2018-12-15 00:43:59.611901	Itaque quis aperiam qui.	201
1003	Elwood Lowe	\N	1	2018-12-15 00:43:59.614311	2018-12-15 00:43:59.614311	Voluptatem nulla dolor vel.	201
1004	Mrs. Booker DuBuque	\N	4	2018-12-15 00:43:59.61664	2018-12-15 00:43:59.61664	Dignissimos sequi aut ut.	201
1005	Susie Rodriguez	\N	4	2018-12-15 00:43:59.618977	2018-12-15 00:43:59.618977	Maxime aliquid dolor illo.	201
1006	Mr. Cyrus Harvey	\N	4	2018-12-15 00:43:59.621458	2018-12-15 00:43:59.621458	Adipisci autem rerum et.	202
1007	Miss Addie Koelpin	\N	3	2018-12-15 00:43:59.623786	2018-12-15 00:43:59.623786	Impedit rerum dolore architecto.	202
1008	Holly Donnelly	\N	5	2018-12-15 00:43:59.626067	2018-12-15 00:43:59.626067	Minima explicabo dicta totam.	202
1009	Emery Krajcik I	\N	2	2018-12-15 00:43:59.6284	2018-12-15 00:43:59.6284	Quia illo quia ea.	202
1010	Kendrick Gibson Sr.	\N	5	2018-12-15 00:43:59.630829	2018-12-15 00:43:59.630829	Quia cum repudiandae ipsam.	202
1011	Mrs. Freeman Stiedemann	\N	2	2018-12-15 00:43:59.633335	2018-12-15 00:43:59.633335	Possimus magnam non soluta.	203
1012	Omer Zemlak	\N	5	2018-12-15 00:43:59.635666	2018-12-15 00:43:59.635666	Ut qui totam libero.	203
1013	Malena Beier	\N	5	2018-12-15 00:43:59.637951	2018-12-15 00:43:59.637951	Voluptatem non ad qui.	203
1014	Dr. Santo Feil	\N	5	2018-12-15 00:43:59.640293	2018-12-15 00:43:59.640293	Ea exercitationem illum nemo.	203
1015	Colby Schroeder	\N	4	2018-12-15 00:43:59.642619	2018-12-15 00:43:59.642619	Aut natus sapiente facilis.	203
1016	Cary Cormier	\N	5	2018-12-15 00:43:59.644999	2018-12-15 00:43:59.644999	Consequatur autem ut eum.	204
1017	Young VonRueden	\N	3	2018-12-15 00:43:59.647456	2018-12-15 00:43:59.647456	Exercitationem omnis ab suscipit.	204
1018	Nikki Steuber	\N	5	2018-12-15 00:43:59.649813	2018-12-15 00:43:59.649813	Cupiditate autem consectetur quibusdam.	204
1019	Levi King	\N	3	2018-12-15 00:43:59.65211	2018-12-15 00:43:59.65211	Sed sunt consequatur nobis.	204
1020	Stan Kuhic	\N	2	2018-12-15 00:43:59.654424	2018-12-15 00:43:59.654424	Molestiae ducimus vel corporis.	204
1021	Miss Laurette Haley	\N	4	2018-12-15 00:43:59.657149	2018-12-15 00:43:59.657149	Et aliquid consequatur sint.	205
1022	Shasta Anderson	\N	4	2018-12-15 00:43:59.659487	2018-12-15 00:43:59.659487	Qui illum blanditiis repellat.	205
1023	Ty Kessler	\N	3	2018-12-15 00:43:59.661824	2018-12-15 00:43:59.661824	Et ut similique voluptatem.	205
1024	Mrs. Landon Schroeder	\N	3	2018-12-15 00:43:59.664125	2018-12-15 00:43:59.664125	Aut perferendis nisi rerum.	205
1025	Rex Cummings	\N	2	2018-12-15 00:43:59.666409	2018-12-15 00:43:59.666409	Ut et veritatis quia.	205
1026	Susann Jacobs Jr.	\N	1	2018-12-15 00:43:59.668875	2018-12-15 00:43:59.668875	Et harum tenetur provident.	206
1027	Yolande Walker	\N	3	2018-12-15 00:43:59.67114	2018-12-15 00:43:59.67114	Dolorum dolor sint laborum.	206
1028	Darryl Monahan	\N	2	2018-12-15 00:43:59.673482	2018-12-15 00:43:59.673482	Et quasi et excepturi.	206
1029	Luis Mohr	\N	4	2018-12-15 00:43:59.675818	2018-12-15 00:43:59.675818	Officia error tempora consequatur.	206
1030	Lavona Windler	\N	1	2018-12-15 00:43:59.67812	2018-12-15 00:43:59.67812	Non aut maxime nihil.	206
1031	Bruce Larkin	\N	2	2018-12-15 00:43:59.680745	2018-12-15 00:43:59.680745	Quo magni quisquam dolor.	207
1032	Kendrick Kassulke	\N	3	2018-12-15 00:43:59.682973	2018-12-15 00:43:59.682973	Similique nostrum non cupiditate.	207
1033	Michael Bartell	\N	1	2018-12-15 00:43:59.685218	2018-12-15 00:43:59.685218	Quasi et expedita deleniti.	207
1034	Angel Roberts	\N	2	2018-12-15 00:43:59.687554	2018-12-15 00:43:59.687554	Iure deserunt corporis iste.	207
1035	Mrs. Tia Monahan	\N	2	2018-12-15 00:43:59.689882	2018-12-15 00:43:59.689882	Quis dolores officia nesciunt.	207
1036	Corene Gleichner IV	\N	3	2018-12-15 00:43:59.69245	2018-12-15 00:43:59.69245	Et minus numquam ad.	208
1037	Duane Dickens	\N	3	2018-12-15 00:43:59.695313	2018-12-15 00:43:59.695313	Quo doloremque ipsum vitae.	208
1038	Pat Bashirian	\N	2	2018-12-15 00:43:59.697734	2018-12-15 00:43:59.697734	Quod ad consequuntur consequatur.	208
1039	Raina Purdy	\N	5	2018-12-15 00:43:59.700087	2018-12-15 00:43:59.700087	Asperiores omnis deserunt accusantium.	208
1040	Amos Jast DDS	\N	5	2018-12-15 00:43:59.702457	2018-12-15 00:43:59.702457	Molestiae facere ducimus nulla.	208
1041	Colby Gaylord	\N	1	2018-12-15 00:43:59.704993	2018-12-15 00:43:59.704993	Vel praesentium et debitis.	209
1042	Isaias Ryan DDS	\N	2	2018-12-15 00:43:59.707316	2018-12-15 00:43:59.707316	Aliquam deleniti consequatur accusamus.	209
1043	Elliot Romaguera	\N	4	2018-12-15 00:43:59.709665	2018-12-15 00:43:59.709665	Rerum rerum neque ducimus.	209
1044	Carolyn Auer DVM	\N	4	2018-12-15 00:43:59.711946	2018-12-15 00:43:59.711946	Voluptas enim veniam vitae.	209
1045	Mose Littel	\N	3	2018-12-15 00:43:59.714362	2018-12-15 00:43:59.714362	Pariatur reprehenderit aut molestias.	209
1046	Miss Herta Ferry	\N	1	2018-12-15 00:43:59.716864	2018-12-15 00:43:59.716864	Et sit dolor doloremque.	210
1047	Stanford Olson	\N	2	2018-12-15 00:43:59.719223	2018-12-15 00:43:59.719223	Quod eum harum impedit.	210
1048	Hal Bradtke	\N	1	2018-12-15 00:43:59.721497	2018-12-15 00:43:59.721497	Est quisquam fugiat iusto.	210
1049	Adelle Marvin	\N	5	2018-12-15 00:43:59.723864	2018-12-15 00:43:59.723864	Et commodi minima expedita.	210
1050	Judson Kuvalis MD	\N	3	2018-12-15 00:43:59.726225	2018-12-15 00:43:59.726225	Debitis a sit quia.	210
1051	Efren Powlowski DDS	\N	4	2018-12-15 00:43:59.72869	2018-12-15 00:43:59.72869	Beatae et ratione quas.	211
1052	Mr. Benny Pollich	\N	2	2018-12-15 00:43:59.731112	2018-12-15 00:43:59.731112	Ut tenetur distinctio quis.	211
1053	Antonia Wunsch DVM	\N	3	2018-12-15 00:43:59.733447	2018-12-15 00:43:59.733447	Quis illum dolor nihil.	211
1054	Duncan Cassin	\N	1	2018-12-15 00:43:59.735785	2018-12-15 00:43:59.735785	Quis repellat cupiditate tempore.	211
1055	Jamel Nicolas	\N	1	2018-12-15 00:43:59.738132	2018-12-15 00:43:59.738132	Doloribus aperiam maxime et.	211
1056	Milford Quigley	\N	3	2018-12-15 00:43:59.740538	2018-12-15 00:43:59.740538	Quasi similique est error.	212
1057	Shad Considine	\N	2	2018-12-15 00:43:59.742886	2018-12-15 00:43:59.742886	Labore incidunt vel eum.	212
1058	Jolene Graham	\N	2	2018-12-15 00:43:59.745221	2018-12-15 00:43:59.745221	Eos dolorum et nesciunt.	212
1059	Pedro Labadie	\N	1	2018-12-15 00:43:59.747599	2018-12-15 00:43:59.747599	Ratione aut earum consequatur.	212
1060	Mrs. Edna Kuphal	\N	4	2018-12-15 00:43:59.749947	2018-12-15 00:43:59.749947	Fugit tempora quia harum.	212
1061	Arlean Goldner IV	\N	2	2018-12-15 00:43:59.752445	2018-12-15 00:43:59.752445	Error pariatur est voluptatem.	213
1062	David Jacobson	\N	2	2018-12-15 00:43:59.754958	2018-12-15 00:43:59.754958	Aut laborum repellat tenetur.	213
1063	Ms. Clint Howe	\N	3	2018-12-15 00:43:59.757398	2018-12-15 00:43:59.757398	Sed ut qui maxime.	213
1064	Eryn Marks	\N	5	2018-12-15 00:43:59.759722	2018-12-15 00:43:59.759722	Ratione quis illo voluptatum.	213
1065	Thomas Rosenbaum	\N	4	2018-12-15 00:43:59.762592	2018-12-15 00:43:59.762592	In harum quidem facere.	213
1066	Shonna Koepp V	\N	1	2018-12-15 00:43:59.76524	2018-12-15 00:43:59.76524	Deserunt laboriosam accusamus quia.	214
1067	Jaime Kirlin	\N	4	2018-12-15 00:43:59.767621	2018-12-15 00:43:59.767621	Et sunt earum unde.	214
1068	Everett Kilback	\N	5	2018-12-15 00:43:59.769993	2018-12-15 00:43:59.769993	Dolorem quidem aut non.	214
1069	Dominique Hane	\N	4	2018-12-15 00:43:59.772327	2018-12-15 00:43:59.772327	Voluptatem natus dolorum reprehenderit.	214
1070	Matthew Emard	\N	5	2018-12-15 00:43:59.774707	2018-12-15 00:43:59.774707	Voluptatem molestias qui similique.	214
1071	Susannah Kulas	\N	2	2018-12-15 00:43:59.777218	2018-12-15 00:43:59.777218	Consectetur velit maxime dicta.	215
1072	Dr. Palmer Waters	\N	1	2018-12-15 00:43:59.77956	2018-12-15 00:43:59.77956	Est distinctio iusto ea.	215
1073	Essie Wunsch	\N	5	2018-12-15 00:43:59.782013	2018-12-15 00:43:59.782013	Autem ducimus est rerum.	215
1074	Barney Stark	\N	2	2018-12-15 00:43:59.784449	2018-12-15 00:43:59.784449	Facere saepe quas cum.	215
1075	Donald Prohaska	\N	4	2018-12-15 00:43:59.786844	2018-12-15 00:43:59.786844	Reiciendis consequatur rem dolorem.	215
1076	Aaron Erdman III	\N	1	2018-12-15 00:43:59.789357	2018-12-15 00:43:59.789357	At aut consequuntur reprehenderit.	216
1077	Mrs. Jeffery Gleason	\N	3	2018-12-15 00:43:59.791792	2018-12-15 00:43:59.791792	At eum harum deleniti.	216
1078	Ellan Russel	\N	3	2018-12-15 00:43:59.794227	2018-12-15 00:43:59.794227	Temporibus fuga voluptatum beatae.	216
1079	Edith Corkery	\N	1	2018-12-15 00:43:59.796589	2018-12-15 00:43:59.796589	Tempore quaerat aperiam eligendi.	216
1080	Elton Fadel PhD	\N	3	2018-12-15 00:43:59.798901	2018-12-15 00:43:59.798901	Est praesentium et voluptatem.	216
1081	Hobert Herman	\N	4	2018-12-15 00:43:59.801556	2018-12-15 00:43:59.801556	Sed nemo laboriosam dolores.	217
1082	Reina Senger	\N	5	2018-12-15 00:43:59.803961	2018-12-15 00:43:59.803961	Alias eos suscipit nihil.	217
1083	Natividad Glover	\N	3	2018-12-15 00:43:59.80635	2018-12-15 00:43:59.80635	Quo et qui non.	217
1084	Mrs. Kendall Williamson	\N	1	2018-12-15 00:43:59.808763	2018-12-15 00:43:59.808763	Ducimus et harum quisquam.	217
1085	Shaneka Carroll	\N	4	2018-12-15 00:43:59.811176	2018-12-15 00:43:59.811176	Deleniti recusandae possimus enim.	217
1086	Cordia Carroll IV	\N	3	2018-12-15 00:43:59.816826	2018-12-15 00:43:59.816826	Est quia vitae a.	218
1087	Sherice Funk	\N	4	2018-12-15 00:43:59.819249	2018-12-15 00:43:59.819249	Deserunt asperiores est id.	218
1088	Hwa Crona	\N	3	2018-12-15 00:43:59.821591	2018-12-15 00:43:59.821591	Sunt fugit ut quos.	218
1089	Modesto Mayer	\N	3	2018-12-15 00:43:59.823921	2018-12-15 00:43:59.823921	Dolor quo enim omnis.	218
1090	Mr. Melvin Erdman	\N	5	2018-12-15 00:43:59.826326	2018-12-15 00:43:59.826326	Explicabo dolore voluptatem quis.	218
1091	Calvin Pouros DDS	\N	1	2018-12-15 00:43:59.828931	2018-12-15 00:43:59.828931	Molestiae aut itaque et.	219
1092	Sunshine Rolfson	\N	5	2018-12-15 00:43:59.831419	2018-12-15 00:43:59.831419	Facilis eos eveniet accusantium.	219
1093	Rosina Douglas	\N	3	2018-12-15 00:43:59.833823	2018-12-15 00:43:59.833823	Amet commodi dolores aut.	219
1094	Dona Balistreri	\N	2	2018-12-15 00:43:59.836171	2018-12-15 00:43:59.836171	Repellendus et quaerat cum.	219
1095	Cindy Leuschke	\N	1	2018-12-15 00:43:59.838503	2018-12-15 00:43:59.838503	Veritatis non quia nihil.	219
1096	Dexter Von	\N	2	2018-12-15 00:43:59.840945	2018-12-15 00:43:59.840945	Suscipit qui sapiente est.	220
1097	Rudolph Graham	\N	2	2018-12-15 00:43:59.84332	2018-12-15 00:43:59.84332	Pariatur voluptas possimus omnis.	220
1098	Damien Kulas	\N	2	2018-12-15 00:43:59.84565	2018-12-15 00:43:59.84565	Accusamus et consequatur sed.	220
1099	Karena Heller	\N	1	2018-12-15 00:43:59.848007	2018-12-15 00:43:59.848007	Porro sed dignissimos et.	220
1100	Hilary Kulas	\N	1	2018-12-15 00:43:59.850343	2018-12-15 00:43:59.850343	Labore hic voluptatem impedit.	220
1101	Elicia Langworth	\N	1	2018-12-15 00:43:59.852928	2018-12-15 00:43:59.852928	A eaque aut debitis.	221
1102	Coleman Marvin	\N	4	2018-12-15 00:43:59.855424	2018-12-15 00:43:59.855424	Placeat quae voluptate libero.	221
1103	Quiana Macejkovic	\N	5	2018-12-15 00:43:59.857783	2018-12-15 00:43:59.857783	Cupiditate autem eius laborum.	221
1104	Gustavo Nolan	\N	2	2018-12-15 00:43:59.860105	2018-12-15 00:43:59.860105	Cupiditate quis exercitationem nostrum.	221
1105	Daniel Adams DVM	\N	1	2018-12-15 00:43:59.862448	2018-12-15 00:43:59.862448	Autem voluptas repellat soluta.	221
1106	Cherise Flatley II	\N	3	2018-12-15 00:43:59.865027	2018-12-15 00:43:59.865027	Molestiae eum et ullam.	222
1107	Mechelle Marvin MD	\N	1	2018-12-15 00:43:59.867392	2018-12-15 00:43:59.867392	Autem cumque quae et.	222
1108	Gavin Marquardt	\N	2	2018-12-15 00:43:59.869721	2018-12-15 00:43:59.869721	Sapiente aspernatur itaque est.	222
1109	Sonny Murazik MD	\N	4	2018-12-15 00:43:59.872053	2018-12-15 00:43:59.872053	Voluptate aliquid iure sit.	222
1110	Ms. Bettyann Paucek	\N	1	2018-12-15 00:43:59.874402	2018-12-15 00:43:59.874402	Aut voluptate fugit possimus.	222
1111	Julia Luettgen	\N	4	2018-12-15 00:43:59.876877	2018-12-15 00:43:59.876877	Ut laborum illo quis.	223
1112	Debby Swaniawski	\N	4	2018-12-15 00:43:59.879159	2018-12-15 00:43:59.879159	Eum vel natus velit.	223
1113	Mrs. Aldo Yost	\N	2	2018-12-15 00:43:59.881581	2018-12-15 00:43:59.881581	Aut quaerat ab et.	223
1114	Jaleesa Marquardt PhD	\N	3	2018-12-15 00:43:59.883922	2018-12-15 00:43:59.883922	Repudiandae dolor delectus doloribus.	223
1115	Julianne Parker	\N	2	2018-12-15 00:43:59.886231	2018-12-15 00:43:59.886231	Deleniti illum voluptatem labore.	223
1116	Johnie Hudson	\N	3	2018-12-15 00:43:59.888735	2018-12-15 00:43:59.888735	Et nam voluptate et.	224
1117	Arielle Bayer	\N	2	2018-12-15 00:43:59.891079	2018-12-15 00:43:59.891079	Aut adipisci vero consectetur.	224
1118	Coralee Heaney	\N	3	2018-12-15 00:43:59.893388	2018-12-15 00:43:59.893388	Id necessitatibus deleniti sit.	224
1119	Adam Carroll PhD	\N	1	2018-12-15 00:43:59.89573	2018-12-15 00:43:59.89573	Quo veritatis blanditiis et.	224
1120	Dee Murphy	\N	2	2018-12-15 00:43:59.898143	2018-12-15 00:43:59.898143	Ea ea quisquam necessitatibus.	224
1121	Stacy Wilderman	\N	1	2018-12-15 00:43:59.901186	2018-12-15 00:43:59.901186	Esse quae molestiae et.	225
1122	Hanna Maggio	\N	4	2018-12-15 00:43:59.904447	2018-12-15 00:43:59.904447	Dolor quo optio aut.	225
1123	Theo Orn	\N	1	2018-12-15 00:43:59.908313	2018-12-15 00:43:59.908313	Debitis aut quas vel.	225
1124	Carter Veum	\N	2	2018-12-15 00:43:59.91128	2018-12-15 00:43:59.91128	Nisi velit porro sint.	225
1125	Dr. Tony Rodriguez	\N	4	2018-12-15 00:43:59.914775	2018-12-15 00:43:59.914775	Debitis et nisi dolore.	225
1126	Ms. Breann Schowalter	\N	4	2018-12-15 00:43:59.920871	2018-12-15 00:43:59.920871	Rerum iusto omnis et.	226
1127	Edwin Murphy	\N	3	2018-12-15 00:43:59.924329	2018-12-15 00:43:59.924329	Facilis dolores alias laborum.	226
1128	Arnoldo Berge	\N	2	2018-12-15 00:43:59.928337	2018-12-15 00:43:59.928337	Modi exercitationem tempore quaerat.	226
1129	Antonietta Lynch	\N	2	2018-12-15 00:43:59.9337	2018-12-15 00:43:59.9337	Est aliquid eos natus.	226
1130	Vonda Turcotte	\N	1	2018-12-15 00:43:59.937838	2018-12-15 00:43:59.937838	Quo aut quia nostrum.	226
1131	Tarsha Runolfsdottir V	\N	4	2018-12-15 00:43:59.942124	2018-12-15 00:43:59.942124	Sed necessitatibus alias vel.	227
1132	Misti Quigley	\N	3	2018-12-15 00:43:59.944673	2018-12-15 00:43:59.944673	Qui nobis minus eaque.	227
1133	Emmitt Heidenreich	\N	4	2018-12-15 00:43:59.948364	2018-12-15 00:43:59.948364	Placeat et fugiat ut.	227
1134	Dion Kilback	\N	2	2018-12-15 00:43:59.953081	2018-12-15 00:43:59.953081	Et qui vitae qui.	227
1135	Elmo Runte	\N	2	2018-12-15 00:43:59.956104	2018-12-15 00:43:59.956104	Illo et sed voluptate.	227
1136	Mrs. Rupert Kautzer	\N	2	2018-12-15 00:43:59.958787	2018-12-15 00:43:59.958787	Eveniet inventore et reiciendis.	228
1137	Elena Schneider	\N	3	2018-12-15 00:43:59.96149	2018-12-15 00:43:59.96149	Qui inventore possimus fugiat.	228
1138	Jeannetta Hodkiewicz	\N	2	2018-12-15 00:43:59.96447	2018-12-15 00:43:59.96447	Aut dolor tempora neque.	228
1139	Norberto West Jr.	\N	2	2018-12-15 00:43:59.966921	2018-12-15 00:43:59.966921	Nihil quo quis velit.	228
1140	Yuonne Goyette	\N	3	2018-12-15 00:43:59.969347	2018-12-15 00:43:59.969347	Ut et in sed.	228
1141	Shawnna Murazik III	\N	5	2018-12-15 00:43:59.972359	2018-12-15 00:43:59.972359	Tempora dolor saepe et.	229
1142	Chi Gerhold	\N	4	2018-12-15 00:43:59.975141	2018-12-15 00:43:59.975141	Est est praesentium dolore.	229
1143	Alexis Murphy	\N	3	2018-12-15 00:43:59.977858	2018-12-15 00:43:59.977858	Officia quis nihil error.	229
1144	Penni Beahan	\N	5	2018-12-15 00:43:59.980742	2018-12-15 00:43:59.980742	Maxime quia qui aspernatur.	229
1145	Marcelino Schmitt Jr.	\N	4	2018-12-15 00:43:59.984333	2018-12-15 00:43:59.984333	Nulla quia dolores inventore.	229
1146	Bambi Barton	\N	2	2018-12-15 00:43:59.987796	2018-12-15 00:43:59.987796	Hic quis est totam.	230
1147	Kelley Douglas	\N	2	2018-12-15 00:43:59.991251	2018-12-15 00:43:59.991251	Id alias ut sed.	230
1148	Dannielle Reinger	\N	5	2018-12-15 00:43:59.995258	2018-12-15 00:43:59.995258	Numquam non dolores mollitia.	230
1149	Palmer Crist	\N	5	2018-12-15 00:44:00.002347	2018-12-15 00:44:00.002347	Neque ipsa non odio.	230
1150	Ms. Margy Jacobi	\N	5	2018-12-15 00:44:00.010474	2018-12-15 00:44:00.010474	Nisi vel iste eligendi.	230
1151	Gerry Jast DVM	\N	1	2018-12-15 00:44:00.029064	2018-12-15 00:44:00.029064	Omnis cumque nesciunt tempore.	231
1152	Santo Quitzon	\N	2	2018-12-15 00:44:00.040161	2018-12-15 00:44:00.040161	Nulla est excepturi itaque.	231
1153	Winnifred Goyette	\N	2	2018-12-15 00:44:00.049717	2018-12-15 00:44:00.049717	Iusto maiores in quis.	231
1154	Brian Price	\N	5	2018-12-15 00:44:00.058556	2018-12-15 00:44:00.058556	Vero suscipit corrupti dolores.	231
1155	Ethyl Corkery	\N	1	2018-12-15 00:44:00.067204	2018-12-15 00:44:00.067204	Dicta porro laborum consequatur.	231
1156	Neal Kub	\N	1	2018-12-15 00:44:00.07521	2018-12-15 00:44:00.07521	Quasi similique sequi perferendis.	232
1157	Bernadine Kovacek MD	\N	3	2018-12-15 00:44:00.084272	2018-12-15 00:44:00.084272	Corporis vero ut ducimus.	232
1158	Marcel Stanton II	\N	3	2018-12-15 00:44:00.088943	2018-12-15 00:44:00.088943	Harum eum et sed.	232
1159	Aurea Walker	\N	3	2018-12-15 00:44:00.093761	2018-12-15 00:44:00.093761	Quas aspernatur est architecto.	232
1160	Darline Lynch	\N	2	2018-12-15 00:44:00.100064	2018-12-15 00:44:00.100064	Adipisci placeat unde aut.	232
1161	Peter Grant	\N	4	2018-12-15 00:44:00.105461	2018-12-15 00:44:00.105461	Id nihil consequuntur non.	233
1162	Darrell Cole Jr.	\N	5	2018-12-15 00:44:00.109491	2018-12-15 00:44:00.109491	Unde inventore voluptatem nemo.	233
1163	Lorelei Batz	\N	5	2018-12-15 00:44:00.114343	2018-12-15 00:44:00.114343	Similique asperiores saepe aut.	233
1164	Teddy Kessler	\N	1	2018-12-15 00:44:00.120194	2018-12-15 00:44:00.120194	Assumenda animi ratione fuga.	233
1165	Doyle Smith	\N	4	2018-12-15 00:44:00.124614	2018-12-15 00:44:00.124614	Rerum rem quaerat suscipit.	233
1166	Antony Torphy	\N	1	2018-12-15 00:44:00.129104	2018-12-15 00:44:00.129104	Voluptatibus hic aut adipisci.	234
1167	Jeniffer Murphy	\N	5	2018-12-15 00:44:00.133837	2018-12-15 00:44:00.133837	Quaerat aperiam fuga labore.	234
1168	Natacha Connelly	\N	2	2018-12-15 00:44:00.139529	2018-12-15 00:44:00.139529	Hic voluptatem blanditiis eum.	234
1169	Mr. Byron Metz	\N	1	2018-12-15 00:44:00.144637	2018-12-15 00:44:00.144637	Aperiam ut non eos.	234
1170	Cythia Gusikowski	\N	1	2018-12-15 00:44:00.150529	2018-12-15 00:44:00.150529	Vel alias quae laborum.	234
1171	Tomas Pagac	\N	5	2018-12-15 00:44:00.156399	2018-12-15 00:44:00.156399	Reiciendis enim quaerat quibusdam.	235
1172	Nicolasa Feest	\N	4	2018-12-15 00:44:00.16056	2018-12-15 00:44:00.16056	Sequi cum et porro.	235
1173	Fran Brakus	\N	2	2018-12-15 00:44:00.164472	2018-12-15 00:44:00.164472	Molestiae eos placeat dolores.	235
1174	Cary Watsica	\N	3	2018-12-15 00:44:00.168337	2018-12-15 00:44:00.168337	Dolorem sequi facere minus.	235
1175	Grant Herman Sr.	\N	5	2018-12-15 00:44:00.172508	2018-12-15 00:44:00.172508	Minima deserunt ipsum perspiciatis.	235
1176	Lincoln Konopelski	\N	2	2018-12-15 00:44:00.183473	2018-12-15 00:44:00.183473	Nam aspernatur consequatur aut.	236
1177	Cori Tromp	\N	3	2018-12-15 00:44:00.191505	2018-12-15 00:44:00.191505	Quia illo enim facere.	236
1178	Lauralee King	\N	2	2018-12-15 00:44:00.19485	2018-12-15 00:44:00.19485	Nulla sit molestiae cum.	236
1179	Peter Zieme Sr.	\N	2	2018-12-15 00:44:00.203006	2018-12-15 00:44:00.203006	Molestias enim voluptas molestiae.	236
1180	Fredrick Hills	\N	2	2018-12-15 00:44:00.210577	2018-12-15 00:44:00.210577	Consequatur nemo occaecati quas.	236
1181	Mrs. Leopoldo Beahan	\N	3	2018-12-15 00:44:00.217316	2018-12-15 00:44:00.217316	Ut ut delectus sapiente.	237
1182	Diane Schaefer	\N	4	2018-12-15 00:44:00.22242	2018-12-15 00:44:00.22242	Sapiente quod sunt in.	237
1183	Dr. Mee Jakubowski	\N	4	2018-12-15 00:44:00.226097	2018-12-15 00:44:00.226097	Vel sint ut suscipit.	237
1184	Karl Rohan	\N	5	2018-12-15 00:44:00.229584	2018-12-15 00:44:00.229584	Et accusamus eligendi qui.	237
1185	Alecia Koss	\N	2	2018-12-15 00:44:00.23382	2018-12-15 00:44:00.23382	Pariatur ut voluptas est.	237
1186	Suk Crist MD	\N	1	2018-12-15 00:44:00.240627	2018-12-15 00:44:00.240627	Illo blanditiis nihil qui.	238
1187	Miss Liberty Ratke	\N	4	2018-12-15 00:44:00.245164	2018-12-15 00:44:00.245164	Natus itaque nesciunt earum.	238
1188	Heath Dooley MD	\N	4	2018-12-15 00:44:00.249007	2018-12-15 00:44:00.249007	Sed impedit veniam beatae.	238
1189	Connie Hodkiewicz	\N	1	2018-12-15 00:44:00.253257	2018-12-15 00:44:00.253257	Vitae quo officiis ut.	238
1190	Dr. Shaquita Bechtelar	\N	2	2018-12-15 00:44:00.256219	2018-12-15 00:44:00.256219	Et praesentium et soluta.	238
1191	Brady Predovic	\N	2	2018-12-15 00:44:00.261905	2018-12-15 00:44:00.261905	Quia ea maxime veniam.	239
1192	Garrett Heathcote	\N	5	2018-12-15 00:44:00.273734	2018-12-15 00:44:00.273734	Placeat temporibus sit laboriosam.	239
1193	Manuela Schroeder	\N	4	2018-12-15 00:44:00.278524	2018-12-15 00:44:00.278524	Expedita voluptatem error quis.	239
1194	Julienne Beer	\N	3	2018-12-15 00:44:00.283862	2018-12-15 00:44:00.283862	Est error sapiente impedit.	239
1195	Ciara Kris	\N	3	2018-12-15 00:44:00.289199	2018-12-15 00:44:00.289199	Ea reprehenderit enim eum.	239
1196	Everett DuBuque	\N	2	2018-12-15 00:44:00.293718	2018-12-15 00:44:00.293718	Ut nemo ratione dolor.	240
1197	Ezra Metz	\N	4	2018-12-15 00:44:00.298784	2018-12-15 00:44:00.298784	Et quia natus dolorem.	240
1198	Alyson Bode	\N	1	2018-12-15 00:44:00.304705	2018-12-15 00:44:00.304705	Totam quaerat in excepturi.	240
1199	Louvenia Rempel	\N	2	2018-12-15 00:44:00.307173	2018-12-15 00:44:00.307173	Voluptatibus necessitatibus quam quisquam.	240
1200	Karlene Gibson	\N	5	2018-12-15 00:44:00.309992	2018-12-15 00:44:00.309992	Dolores ratione omnis accusantium.	240
1201	Christiane Davis	\N	5	2018-12-15 00:44:00.313445	2018-12-15 00:44:00.313445	Culpa aut nihil consequuntur.	241
1202	Venus Corkery	\N	2	2018-12-15 00:44:00.317487	2018-12-15 00:44:00.317487	At sed vel veritatis.	241
1203	Norman Marks	\N	4	2018-12-15 00:44:00.320176	2018-12-15 00:44:00.320176	Delectus excepturi et accusamus.	241
1204	Sanda Stroman	\N	5	2018-12-15 00:44:00.322634	2018-12-15 00:44:00.322634	Laborum amet illum sint.	241
1205	Thanh Nicolas	\N	5	2018-12-15 00:44:00.325457	2018-12-15 00:44:00.325457	Doloribus maxime corporis non.	241
1206	Danial Gorczany	\N	5	2018-12-15 00:44:00.328534	2018-12-15 00:44:00.328534	Modi nam et ipsam.	242
1207	Mr. Elinor Effertz	\N	4	2018-12-15 00:44:00.331353	2018-12-15 00:44:00.331353	Explicabo accusantium quaerat aut.	242
1208	Mr. Albertha Gerhold	\N	3	2018-12-15 00:44:00.33423	2018-12-15 00:44:00.33423	Minus doloribus voluptatem odio.	242
1209	Glen Jaskolski	\N	5	2018-12-15 00:44:00.33664	2018-12-15 00:44:00.33664	Necessitatibus vel eius ut.	242
1210	Ms. Vanetta Mueller	\N	1	2018-12-15 00:44:00.339002	2018-12-15 00:44:00.339002	Qui inventore excepturi tempora.	242
1211	Felecia Gibson Jr.	\N	5	2018-12-15 00:44:00.34205	2018-12-15 00:44:00.34205	Voluptatem qui amet earum.	243
1212	Kathrin Bailey MD	\N	1	2018-12-15 00:44:00.345146	2018-12-15 00:44:00.345146	Consectetur molestiae deserunt non.	243
1213	Dr. Louis Schumm	\N	1	2018-12-15 00:44:00.351304	2018-12-15 00:44:00.351304	Quia magnam consequatur autem.	243
1214	Wyatt Davis	\N	5	2018-12-15 00:44:00.353869	2018-12-15 00:44:00.353869	In est esse magnam.	243
1215	Eddie Marks	\N	4	2018-12-15 00:44:00.356374	2018-12-15 00:44:00.356374	Iste magni aut aperiam.	243
1216	Mindy Kirlin	\N	5	2018-12-15 00:44:00.359439	2018-12-15 00:44:00.359439	Eos et quo facere.	244
1217	Jame Langosh	\N	1	2018-12-15 00:44:00.361859	2018-12-15 00:44:00.361859	Accusamus veritatis iure nemo.	244
1218	Missy Beier	\N	4	2018-12-15 00:44:00.364658	2018-12-15 00:44:00.364658	Distinctio ea et repudiandae.	244
1219	Elfreda Ferry	\N	3	2018-12-15 00:44:00.367516	2018-12-15 00:44:00.367516	Nulla consequuntur aliquid tenetur.	244
1220	Gertrude Conroy	\N	3	2018-12-15 00:44:00.369927	2018-12-15 00:44:00.369927	Totam voluptatum rerum reiciendis.	244
1221	Margaret Heathcote	\N	4	2018-12-15 00:44:00.372478	2018-12-15 00:44:00.372478	Et qui quasi rerum.	245
1222	Delfina Prohaska	\N	4	2018-12-15 00:44:00.375499	2018-12-15 00:44:00.375499	Qui esse corrupti sit.	245
1223	Bong Hackett	\N	1	2018-12-15 00:44:00.37789	2018-12-15 00:44:00.37789	Et error occaecati rerum.	245
1224	Edmund Emmerich	\N	5	2018-12-15 00:44:00.380548	2018-12-15 00:44:00.380548	Est molestiae inventore quia.	245
1225	Theresa Cummings	\N	4	2018-12-15 00:44:00.383448	2018-12-15 00:44:00.383448	Et ea ratione ab.	245
1226	Ty Beahan DVM	\N	4	2018-12-15 00:44:00.386061	2018-12-15 00:44:00.386061	Commodi omnis quos et.	246
1227	Guillermo Terry	\N	1	2018-12-15 00:44:00.38841	2018-12-15 00:44:00.38841	Atque unde non et.	246
1228	Harry Dickinson	\N	2	2018-12-15 00:44:00.391183	2018-12-15 00:44:00.391183	Odio aut nihil iure.	246
1229	Dr. Cedric Pouros	\N	1	2018-12-15 00:44:00.393603	2018-12-15 00:44:00.393603	Quibusdam dolorem corrupti voluptate.	246
1230	Miss Niki Gorczany	\N	2	2018-12-15 00:44:00.395945	2018-12-15 00:44:00.395945	Asperiores ipsam at ut.	246
1231	Irvin Mann	\N	4	2018-12-15 00:44:00.399281	2018-12-15 00:44:00.399281	Possimus rerum asperiores optio.	247
1232	Vern Nicolas DVM	\N	3	2018-12-15 00:44:00.401683	2018-12-15 00:44:00.401683	Eligendi rem omnis nihil.	247
1233	Winston Daniel	\N	3	2018-12-15 00:44:00.404089	2018-12-15 00:44:00.404089	Eum sed impedit totam.	247
1234	Bulah Paucek Sr.	\N	4	2018-12-15 00:44:00.40657	2018-12-15 00:44:00.40657	Quia perspiciatis sed est.	247
1235	Saul Nolan DDS	\N	5	2018-12-15 00:44:00.408971	2018-12-15 00:44:00.408971	Nisi expedita labore dolorum.	247
1236	Queenie Murphy	\N	4	2018-12-15 00:44:00.412107	2018-12-15 00:44:00.412107	Incidunt est aut porro.	248
1237	Jill Kerluke	\N	3	2018-12-15 00:44:00.415009	2018-12-15 00:44:00.415009	Eveniet occaecati quo cum.	248
1238	Jazmin Turcotte	\N	4	2018-12-15 00:44:00.417491	2018-12-15 00:44:00.417491	Sit ut velit assumenda.	248
1239	Jalisa Lowe	\N	1	2018-12-15 00:44:00.419952	2018-12-15 00:44:00.419952	Occaecati perspiciatis molestias officiis.	248
1240	Ulysses Barton III	\N	2	2018-12-15 00:44:00.422346	2018-12-15 00:44:00.422346	Magnam omnis inventore temporibus.	248
1241	Merlin Carter IV	\N	2	2018-12-15 00:44:00.424858	2018-12-15 00:44:00.424858	Veritatis perferendis repellat libero.	249
1242	Harriet Bayer	\N	5	2018-12-15 00:44:00.427256	2018-12-15 00:44:00.427256	Esse et suscipit sit.	249
1243	Athena Dach	\N	5	2018-12-15 00:44:00.429603	2018-12-15 00:44:00.429603	Velit sint sunt quia.	249
1244	Cyndi Wolff	\N	3	2018-12-15 00:44:00.432208	2018-12-15 00:44:00.432208	Excepturi sit esse consequatur.	249
1245	Mr. Kortney Swaniawski	\N	5	2018-12-15 00:44:00.434696	2018-12-15 00:44:00.434696	Unde officia quas animi.	249
1246	Toi Franecki	\N	5	2018-12-15 00:44:00.437137	2018-12-15 00:44:00.437137	Dolorem nulla est dicta.	250
1247	Danae Rogahn II	\N	3	2018-12-15 00:44:00.439516	2018-12-15 00:44:00.439516	Modi dolore non tempora.	250
1248	Mrs. Michael Sporer	\N	1	2018-12-15 00:44:00.441881	2018-12-15 00:44:00.441881	Voluptatum et autem nisi.	250
1249	Mr. Wyatt Gutmann	\N	1	2018-12-15 00:44:00.444276	2018-12-15 00:44:00.444276	Et animi sequi nulla.	250
1250	Robby Schiller II	\N	5	2018-12-15 00:44:00.446768	2018-12-15 00:44:00.446768	Est rem omnis nihil.	250
1251	C	\N	2	2018-12-15 01:29:26.220711	2018-12-15 01:29:26.220711	ok	252
\.


--
-- Data for Name: schema_migrations; Type: TABLE DATA; Schema: public; Owner: christophercahill
--

COPY public.schema_migrations (version) FROM stdin;
20181214165451
20181214165519
20181214175022
20181214192703
20181214215050
20181215004748
\.


--
-- Name: products_id_seq; Type: SEQUENCE SET; Schema: public; Owner: christophercahill
--

SELECT pg_catalog.setval('public.products_id_seq', 252, true);


--
-- Name: reviews_id_seq; Type: SEQUENCE SET; Schema: public; Owner: christophercahill
--

SELECT pg_catalog.setval('public.reviews_id_seq', 1251, true);


--
-- Name: ar_internal_metadata ar_internal_metadata_pkey; Type: CONSTRAINT; Schema: public; Owner: christophercahill
--

ALTER TABLE ONLY public.ar_internal_metadata
    ADD CONSTRAINT ar_internal_metadata_pkey PRIMARY KEY (key);


--
-- Name: products products_pkey; Type: CONSTRAINT; Schema: public; Owner: christophercahill
--

ALTER TABLE ONLY public.products
    ADD CONSTRAINT products_pkey PRIMARY KEY (id);


--
-- Name: reviews reviews_pkey; Type: CONSTRAINT; Schema: public; Owner: christophercahill
--

ALTER TABLE ONLY public.reviews
    ADD CONSTRAINT reviews_pkey PRIMARY KEY (id);


--
-- Name: schema_migrations schema_migrations_pkey; Type: CONSTRAINT; Schema: public; Owner: christophercahill
--

ALTER TABLE ONLY public.schema_migrations
    ADD CONSTRAINT schema_migrations_pkey PRIMARY KEY (version);


--
-- PostgreSQL database dump complete
--

